GO Title , GF count , BT count , RF count, GF std, BT std, RF std, p-val, q-val,
intermediatefilament,0.01495,0.016388,0.007315,0.000559,0.001367,0.000163,0.000015,0.003311,
celladhesion,0.035717,0.025805,0.014329,0.001625,0.002368,0.000705,0.000016,0.003311,
vesicle,0.00364,0.001668,0.000085,0.000479,0.000106,0.000075,0.000024,0.003311,
sarcolemma,0.022516,0.021408,0.008418,0.00115,0.00159,0.001281,0.000027,0.003311,
spindlepole,0.049726,0.060941,0.022272,0.007449,0.002611,0.006305,0.000095,0.005534,
virusreceptoractivity,0.084208,0.097425,0.034893,0.005018,0.013513,0.004207,0.000105,0.005534,
regulationofcytokineproduction,0.000126,0.00011,0.000017,0.000011,0.000022,0.000016,0.000158,0.005534,
positiveregulationofproteinphosphorylation,0.015218,0.011295,0.003379,0.002412,0.001429,0.000496,0.000158,0.005534,
metallocarboxypeptidaseactivity,0.139605,0.121191,0.235267,0.022742,0.001836,0.020512,0.000158,0.005534,
detectionofcalciumion,0.049443,0.060672,0.022096,0.007234,0.002749,0.006284,0.000252,0.005534,
lysosome,0.046975,0.028871,0.020718,0.00308,0.005554,0.000985,0.000271,0.005534,
spindlemicrotubule,0.049443,0.060672,0.022096,0.007234,0.002749,0.006284,0.000301,0.005534,
tightjunction,0.005504,0.002574,0.000419,0.000956,0.000675,0.000182,0.000331,0.005534,
activationofadenylatecyclaseactivity,0.049443,0.060672,0.022096,0.007234,0.002749,0.006284,0.000355,0.005534,
adenylatecyclasebinding,0.049443,0.060672,0.022096,0.007234,0.002749,0.006284,0.000394,0.005534,
externalsideofplasmamembrane,0.072623,0.052771,0.026123,0.001408,0.010907,0.003834,0.000406,0.005534,
responsetozincion,0.026334,0.00956,0.004586,0.001216,0.00352,0.002174,0.000406,0.005534,
dystrophin-associatedglycoproteincomplex,0.013003,0.014887,0.00602,0.000856,0.000675,0.001598,0.000406,0.005534,
extrinsiccomponentofplasmamembrane,0.008427,0.006846,0.002112,0.001173,0.000894,0.000623,0.000406,0.005534,
nitric-oxidesynthaseregulatoractivity,0.050247,0.060987,0.022522,0.00732,0.002833,0.006036,0.00045,0.005534,
titinbinding,0.049443,0.060672,0.022096,0.007234,0.002749,0.006284,0.000451,0.005534,
type3metabotropicglutamatereceptorbinding,0.049443,0.060672,0.022096,0.007234,0.002749,0.006284,0.000459,0.005534,
thioesterasebinding,0.051451,0.06124,0.022259,0.007752,0.0024,0.006348,0.00046,0.005534,
N-terminalmyristoylationdomainbinding,0.049443,0.060672,0.022096,0.007234,0.002749,0.006284,0.00046,0.005534,
regulationofcytokinesis,0.049443,0.060672,0.022096,0.007234,0.002749,0.006284,0.000467,0.005534,
positiveregulationofphosphoproteinphosphataseactivity,0.049443,0.060672,0.022096,0.007234,0.002749,0.006284,0.000467,0.005534,
calciumchannelcomplex,0.049443,0.060672,0.022096,0.007234,0.002749,0.006284,0.000467,0.005534,
negativeregulationofdephosphorylation,0.000126,0.00011,0.000017,0.000011,0.000022,0.000016,0.000467,0.005534,
positiveregulationofproteindephosphorylation,0.049443,0.060672,0.022096,0.007234,0.002749,0.006284,0.000467,0.005534,
slitdiaphragm,0.000126,0.00011,0.000017,0.000011,0.000022,0.000016,0.000467,0.005534,
costamere,0.013003,0.014887,0.00602,0.000856,0.000675,0.001598,0.000467,0.005534,
phospholipasebinding,0.049443,0.060672,0.022096,0.007234,0.002749,0.006284,0.000467,0.005534,
phosphatidylinositol3-kinasebinding,0.050043,0.060986,0.022608,0.007027,0.002718,0.00643,0.000467,0.005534,
nitric-oxidesynthasebinding,0.049443,0.060672,0.022096,0.007234,0.002749,0.006284,0.000467,0.005534,
positiveregulationofnitric-oxidesynthaseactivity,0.049443,0.060672,0.022096,0.007234,0.002749,0.006284,0.000467,0.005534,
positiveregulationofbinding,0.007858,0.006662,0.002047,0.000929,0.001121,0.000546,0.000467,0.005534,
positiveregulationofcyclic-nucleotidephosphodiesteraseactivity,0.050635,0.062277,0.0223,0.006463,0.002619,0.006078,0.000467,0.005534,
regulationofcardiacmusclecontraction,0.049443,0.060672,0.022096,0.007234,0.002749,0.006284,0.000467,0.005534,
celldifferentiationinvolvedinembryonicplacentadevelopment,0.013003,0.014887,0.00602,0.000856,0.000675,0.001598,0.000467,0.005534,
cellularresponsetoacid,0.007858,0.006662,0.002047,0.000929,0.001121,0.000546,0.000467,0.005534,
cellperiphery,0.015416,0.015907,0.006205,0.001455,0.000795,0.001299,0.00049,0.005534,
glomerularvisceralepithelialcelldevelopment,0.000126,0.00011,0.000017,0.000011,0.000022,0.000016,0.00049,0.005534,
proteinphosphataseactivatoractivity,0.049443,0.060672,0.022096,0.007234,0.002749,0.006284,0.000496,0.005534,
regulationofhighvoltage-gatedcalciumchannelactivity,0.050192,0.06149,0.022096,0.007279,0.00327,0.006284,0.000497,0.005534,
immunologicalsynapse,0.000442,0.000298,0.001244,0.000148,0.00018,0.000124,0.000515,0.00554,
glycoproteinbinding,0.077305,0.091642,0.034767,0.00881,0.011968,0.004192,0.000563,0.00554,
regulationofheartrate,0.052517,0.064918,0.025467,0.00649,0.003443,0.007241,0.000577,0.00554,
endopeptidaseactivity,0.076527,0.088704,0.034459,0.008332,0.011935,0.004237,0.000579,0.00554,
peptidehormonebinding,0.075883,0.088529,0.034148,0.008468,0.011784,0.004226,0.000583,0.00554,
calcium-mediatedsignaling,0.08156,0.102866,0.040818,0.014043,0.008644,0.002656,0.000617,0.00554,
sarcomere,0.049826,0.061424,0.022765,0.007375,0.003086,0.006611,0.000626,0.00554,
lamellipodium,0.0143,0.010886,0.004248,0.002187,0.001417,0.000763,0.000626,0.00554,
receptorbiosyntheticprocess,0.075883,0.088529,0.034148,0.008468,0.011784,0.004226,0.000635,0.00554,
ionchannelbinding,0.051493,0.062727,0.026616,0.00674,0.003131,0.006372,0.000635,0.00554,
receptor-mediatedvirionattachmenttohostcell,0.075883,0.088529,0.034148,0.008468,0.011784,0.004226,0.000635,0.00554,
calcium-dependentproteinbinding,0.050836,0.062787,0.023915,0.007154,0.004012,0.006589,0.000635,0.00554,
responsetocorticosterone,0.049783,0.060672,0.022096,0.007802,0.002749,0.006284,0.000645,0.00554,
positiveregulationofcellmigration,0.014588,0.012747,0.0036,0.001647,0.002574,0.000765,0.000663,0.005595,
responsetohypoxia,0.024215,0.018444,0.010895,0.001667,0.002852,0.001421,0.000684,0.005678,
angiotensin-mediateddrinkingbehavior,0.076869,0.088529,0.034493,0.009149,0.011784,0.004242,0.000734,0.005994,
liverdevelopment,0.021381,0.014887,0.008932,0.002762,0.001548,0.001262,0.000749,0.006008,
receptor-mediatedendocytosis,0.010366,0.00624,0.003005,0.001252,0.000886,0.001353,0.000793,0.006233,
cellbody,0.004551,0.003968,0.001208,0.000682,0.000703,0.000126,0.000802,0.006233,
hemidesmosome,0.000199,0.000024,0,0.000053,0.000031,0,0.000891,0.006818,
cytosol,0.23035,0.186752,0.101762,0.015429,0.032494,0.009094,0.00091,0.006855,
cellsurface,0.101787,0.107923,0.072849,0.006035,0.008111,0.00385,0.001002,0.007432,
positiveregulationoffibroblastproliferation,0.008222,0.005689,0.002393,0.00115,0.000825,0.000941,0.001041,0.007605,
regulationofreleaseofsequesteredcalciumionintocytosolbysarcoplasmicreticulum,0.051449,0.061629,0.022269,0.009635,0.003192,0.006557,0.001139,0.008081,
positiveregulationofryanodine-sensitivecalcium-releasechannelactivity,0.051449,0.061629,0.022269,0.009635,0.003192,0.006557,0.001139,0.008081,
cellularresponsetoantibiotic,0.001617,0.002698,0.000253,0.000513,0.000444,0.000282,0.001229,0.008597,
negativeregulationofmatureBcellapoptoticprocess,0.0178,0.011732,0.007431,0.000702,0.002713,0.001519,0.001365,0.009285,
positiveregulationofBcellproliferation,0.0178,0.011732,0.007431,0.000702,0.002713,0.001519,0.001365,0.009285,
peptidyl-dipeptidaseactivity,0.089674,0.101365,0.04168,0.010581,0.015438,0.006125,0.001462,0.009782,
epithelialcelldifferentiation,0.006813,0.006915,0.001723,0.000946,0.001143,0.001087,0.001481,0.009782,
spermfibroussheath,0.002938,0.004835,0.001737,0.000474,0.000836,0.000136,0.001498,0.009782,
responsetoamphetamine,0.050928,0.061449,0.023969,0.008981,0.002565,0.007687,0.001538,0.00985,
RabGTPasebinding,0.00611,0.005873,0.002112,0.001061,0.000678,0.000623,0.001549,0.00985,
sulfateassimilation,0.001292,0.000363,0,0.000389,0.000169,0,0.001695,0.010639,
aging,0.030168,0.018032,0.018965,0.002217,0.003714,0.000571,0.00182,0.011282,
steroidmetabolicprocess,0.001759,0.001175,0,0.000478,0.000333,0,0.001887,0.011512,
responsetohydrogenperoxide,0.019724,0.013596,0.009608,0.001425,0.001893,0.002347,0.001929,0.011512,
neuronalcellbody,0.025105,0.014982,0.009665,0.00292,0.003101,0.002845,0.00195,0.011512,
cysteine-typeendopeptidaseinhibitoractivityinvolvedinapoptoticprocess,0.010717,0.005382,0.000803,0.001955,0.002544,0.0005,0.001951,0.011512,
collagenfibrilorganization,0.008734,0.007222,0.002476,0.000819,0.001931,0.000483,0.002023,0.011791,
endocyticrecycling,0.00037,0.00057,0.000096,0.000123,0.000043,0.000088,0.0021,0.012096,
uretericbuddevelopment,0.003259,0.00206,0.000106,0.000964,0.000498,0.000091,0.002456,0.013888,
carboxypeptidaseactivity,0.102268,0.110752,0.047239,0.010932,0.018785,0.009217,0.002468,0.013888,
actinfilamentsevering,0.008683,0.005068,0.00044,0.001522,0.002308,0.000635,0.002502,0.013921,
one-carbonmetabolicprocess,0.039649,0.031911,0.016038,0.00689,0.001859,0.004247,0.002561,0.013973,
midbody,0.013401,0.01244,0.004692,0.00261,0.001717,0.001039,0.002568,0.013973,
cellmorphogenesisinvolvedindifferentiation,0.005248,0.005432,0.001027,0.00154,0.000916,0.000596,0.002657,0.01415,
histaminesecretion,0.016418,0.011732,0.007431,0.001813,0.002713,0.001519,0.002665,0.01415,
trophectodermalcelldifferentiation,0.0168,0.012088,0.007431,0.001946,0.002725,0.001519,0.002771,0.01415,
purinenucleosidebinding,0.016418,0.011732,0.007431,0.001813,0.002713,0.001519,0.002771,0.01415,
placentadevelopment,0.017274,0.012097,0.007858,0.001664,0.002606,0.001298,0.002771,0.01415,
Tcellmediatedcytotoxicity,0.001053,0.000803,0.0003,0.000138,0.000225,0.00005,0.002836,0.01415,
germinalcenterBcelldifferentiation,0.016418,0.011732,0.007431,0.001813,0.002713,0.001519,0.002901,0.01415,
positiveregulationofgerminalcenterformation,0.016418,0.011732,0.007431,0.001813,0.002713,0.001519,0.002965,0.01415,
negativeregulationofleukocytemigration,0.016418,0.011732,0.007431,0.001813,0.002713,0.001519,0.003002,0.01415,
regulationofsystemicarterialbloodpressurebyrenin-angiotensin,0.009006,0.006054,0.002435,0.000796,0.001935,0.001091,0.003039,0.01415,
adenosinedeaminaseactivity,0.016418,0.011732,0.007431,0.001813,0.002713,0.001519,0.003055,0.01415,
alcoholdehydrogenase(NAD)activity,0.001556,0.000657,0,0.000117,0.000578,0,0.003073,0.01415,
carbonatedehydrataseactivity,0.039204,0.031705,0.015888,0.006995,0.002072,0.004333,0.003129,0.01415,
L-lactatedehydrogenaseactivity,0.004323,0.002477,0.001296,0.000599,0.000836,0.000469,0.003129,0.01415,
phospholipaseinhibitoractivity,0.005853,0.005689,0.002047,0.001266,0.000825,0.000546,0.003135,0.01415,
receptoractivity,0.003313,0.002982,0.000839,0.000406,0.000942,0.000286,0.003142,0.01415,
plasmamembrane,0.298072,0.293792,0.175761,0.02452,0.038814,0.018591,0.003384,0.01415,
brushborder,0.022208,0.015286,0.004972,0.002285,0.006115,0.002241,0.003543,0.01415,
malatemetabolicprocess,0.012296,0.006651,0.002069,0.002814,0.002474,0.001398,0.003563,0.01415,
adenosinecatabolicprocess,0.016418,0.011732,0.007431,0.001813,0.002713,0.001519,0.003618,0.01415,
deoxyadenosinecatabolicprocess,0.016418,0.011732,0.007431,0.001813,0.002713,0.001519,0.00369,0.01415,
proteinglycosylation,0.000221,0.00001,0,0.000091,0.000017,0,0.003739,0.01415,
ubiquitin-dependentproteincatabolicprocess,0.000675,0.000103,0.00008,0.000158,0.000178,0.000082,0.003801,0.01415,
glutaminemetabolicprocess,0.010939,0.003687,0.001353,0.002805,0.002648,0.000718,0.003801,0.01415,
ATPbiosyntheticprocess,0.000587,0.00014,0.000012,0.000094,0.0002,0.000021,0.003801,0.01415,
epidermalgrowthfactorreceptorsignalingpathway,0.007657,0.004784,0.00044,0.001587,0.002181,0.000635,0.003801,0.01415,
gastrulation,0.002704,0.003815,0.000779,0.000698,0.000706,0.000468,0.003851,0.01415,
bodyfluidsecretion,0.005853,0.005689,0.002047,0.001266,0.000825,0.000546,0.003851,0.01415,
hedgehogreceptoractivity,0.000615,0.000229,0.000016,0.000121,0.0002,0.000027,0.003851,0.01415,
seleniumbinding,0.007432,0.007119,0.001686,0.001409,0.001857,0.000654,0.003851,0.01415,
purineribonucleosidemonophosphatebiosyntheticprocess,0.016418,0.011732,0.007431,0.001813,0.002713,0.001519,0.00388,0.01415,
responsetobacterium,0.007684,0.004784,0.00044,0.001634,0.002181,0.000635,0.003884,0.01415,
positiveregulationofheartrate,0.016418,0.011732,0.007431,0.001813,0.002713,0.001519,0.003917,0.01415,
positiveregulationofepithelialcellmigration,0.007695,0.004784,0.00044,0.001652,0.002181,0.000635,0.004011,0.01415,
smallribosomalsubunit,0.001408,0.001605,0.000343,0.000413,0.000298,0.000126,0.004015,0.01415,
lateralplasmamembrane,0.003412,0.002286,0.00007,0.001149,0.000656,0.000102,0.00406,0.01415,
peptidaseactivatoractivityinvolvedinapoptoticprocess,0.001053,0.000803,0.0003,0.000138,0.000225,0.00005,0.004067,0.01415,
phosphataseactivity,0.001445,0.00067,0.000012,0.000404,0.000291,0.000021,0.004137,0.01415,
proteindomainspecificbinding,0.065238,0.076305,0.032215,0.010368,0.008094,0.009463,0.004145,0.01415,
actinfilamentpolymerization,0.007918,0.004784,0.00044,0.001392,0.002181,0.000635,0.004152,0.01415,
celljunction,0.017204,0.012213,0.007959,0.001168,0.002668,0.001753,0.004193,0.01415,
lungdevelopment,0.016418,0.011732,0.007431,0.001813,0.002713,0.001519,0.004281,0.01415,
positiveregulationofvesiclefusion,0.006496,0.005689,0.00234,0.001134,0.000825,0.000866,0.004281,0.01415,
chlorideionbinding,0.001015,0.000803,0.0003,0.000128,0.000225,0.00005,0.004281,0.01415,
receptorinternalization,0.003006,0.003468,0.00101,0.000494,0.000824,0.000301,0.004281,0.01415,
cellularresponsetoextracellularstimulus,0.002784,0.001896,0.000863,0.000336,0.000535,0.000352,0.004281,0.01415,
positiveregulationofactinfilamentbundleassembly,0.007657,0.004784,0.00044,0.001587,0.002181,0.000635,0.004281,0.01415,
purinenucleotidesalvage,0.016418,0.011732,0.007431,0.001813,0.002713,0.001519,0.004281,0.01415,
actinfilamentbundle,0.007657,0.004784,0.00044,0.001587,0.002181,0.000635,0.004281,0.01415,
filopodiumtip,0.007657,0.004784,0.00044,0.001587,0.002181,0.000635,0.004281,0.01415,
glomerulusdevelopment,0.009006,0.006054,0.002435,0.000796,0.001935,0.001091,0.004281,0.01415,
responsetoinsulin,0.011716,0.003974,0.001679,0.002838,0.00287,0.000422,0.004419,0.01415,
responsetovitaminE,0.016528,0.011792,0.007431,0.001736,0.002675,0.001519,0.004465,0.01415,
regulationofcell-celladhesionmediatedbyintegrin,0.017135,0.012267,0.008036,0.001916,0.002721,0.000942,0.004476,0.01415,
gamma-glutamyl-peptidaseactivity,0.010902,0.003687,0.001277,0.002818,0.002648,0.000654,0.004522,0.01415,
lysophosphatidicacidbinding,0.007657,0.004784,0.00044,0.001587,0.002181,0.000635,0.004541,0.01415,
cellularresponsetohepatocytegrowthfactorstimulus,0.007657,0.004784,0.00044,0.001587,0.002181,0.000635,0.004562,0.01415,
myelinsheathadaxonalregion,0.005853,0.005689,0.002047,0.001266,0.000825,0.000546,0.004602,0.01415,
ciliarybasalbody,0.002837,0.003337,0.001022,0.000546,0.000671,0.000321,0.004641,0.01415,
peptidebinding,0.009857,0.012036,0.003454,0.002951,0.001784,0.000252,0.00468,0.01415,
"negativeregulationofcircadiansleep/wakecycle,non-REMsleep",0.016418,0.011732,0.007431,0.001813,0.002713,0.001519,0.004802,0.01415,
fibrinolysis,0.006148,0.005966,0.002324,0.001256,0.000913,0.000476,0.004815,0.01415,
Schmidt-Lantermanincisure,0.006235,0.006045,0.002047,0.001616,0.000784,0.000546,0.004885,0.01415,
responsetomorphine,0.016418,0.011732,0.007431,0.001813,0.002713,0.001519,0.004887,0.01415,
macropinosome,0.005853,0.005689,0.002047,0.001266,0.000825,0.000546,0.004946,0.01415,
microspike,0.002827,0.003337,0.00101,0.000537,0.000671,0.000301,0.004948,0.01415,
regulationofTcelldifferentiation,0.016418,0.011732,0.007431,0.001813,0.002713,0.001519,0.004955,0.01415,
positiveregulationofTcelldifferentiation,0.016418,0.011732,0.007431,0.001813,0.002713,0.001519,0.005202,0.01415,
positiveregulationofsmoothmusclecontraction,0.019642,0.014709,0.009305,0.000886,0.002862,0.002188,0.005225,0.01415,
dATPcatabolicprocess,0.016418,0.011732,0.007431,0.001813,0.002713,0.001519,0.005294,0.01415,
hypoxanthinebiosyntheticprocess,0.016418,0.011732,0.007431,0.001813,0.002713,0.001519,0.005462,0.01415,
inosinebiosyntheticprocess,0.016418,0.011732,0.007431,0.001813,0.002713,0.001519,0.005462,0.01415,
xanthinebiosyntheticprocess,0.016418,0.011732,0.007431,0.001813,0.002713,0.001519,0.005462,0.01415,
positiveregulationofalpha-betaTcelldifferentiation,0.01672,0.011896,0.007431,0.001606,0.002619,0.001519,0.005462,0.01415,
lungalveolusdevelopment,0.016418,0.011732,0.007431,0.001813,0.002713,0.001519,0.005462,0.01415,
Peyer'spatchdevelopment,0.016418,0.011732,0.007431,0.001813,0.002713,0.001519,0.005462,0.01415,
embryonicdigestivetractdevelopment,0.016418,0.011732,0.007431,0.001813,0.002713,0.001519,0.005462,0.01415,
celladhesionmoleculebinding,0.003228,0.00342,0.00101,0.0004,0.000798,0.000301,0.005462,0.01415,
positiveregulationofcalcium-mediatedsignaling,0.016418,0.011732,0.007431,0.001813,0.002713,0.001519,0.005462,0.01415,
positiveregulationofTcellreceptorsignalingpathway,0.016418,0.011732,0.007431,0.001813,0.002713,0.001519,0.005462,0.01415,
regulationofactinnucleation,0.007657,0.004784,0.00044,0.001587,0.002181,0.000635,0.005462,0.01415,
celltip,0.002827,0.003337,0.00101,0.000537,0.000671,0.000301,0.005462,0.01415,
responsetohydrostaticpressure,0.005032,0.005353,0.000912,0.001471,0.000934,0.000678,0.005462,0.01415,
actinfilamentcapping,0.008716,0.005082,0.000446,0.001563,0.00233,0.000645,0.005462,0.01415,
negativeregulationofadenosinereceptorsignalingpathway,0.016418,0.011732,0.007431,0.001813,0.002713,0.001519,0.005462,0.01415,
cytoplasmicactin-basedcontractioninvolvedincellmotility,0.007657,0.004784,0.00044,0.001587,0.002181,0.000635,0.005462,0.01415,
negativeregulationofpenileerection,0.016418,0.011732,0.007431,0.001813,0.002713,0.001519,0.005462,0.01415,
regulationofwoundhealing,0.007657,0.004784,0.00044,0.001587,0.002181,0.000635,0.005462,0.01415,
metalloaminopeptidaseactivity,0.009236,0.006105,0.002435,0.000927,0.002023,0.001091,0.005462,0.01415,
negativeregulationofthymocyteapoptoticprocess,0.016418,0.011732,0.007431,0.001813,0.002713,0.001519,0.005462,0.01415,
negativeregulationofmucussecretion,0.016418,0.011732,0.007431,0.001813,0.002713,0.001519,0.005462,0.01415,
proteintargetingtoplasmamembrane,0.005865,0.005696,0.002053,0.001286,0.000838,0.000552,0.005462,0.01415,
extrinsicapoptoticsignalingpathway,0.005181,0.005631,0.000912,0.001611,0.001062,0.000678,0.005462,0.01415,
hepatocyteapoptoticprocess,0.005181,0.005529,0.000912,0.001611,0.000925,0.000678,0.005462,0.01415,
astrocyteprojection,0.002827,0.003337,0.00101,0.000537,0.000671,0.000301,0.005462,0.01415,
Schwanncellmicrovillus,0.002827,0.003337,0.00101,0.000537,0.000671,0.000301,0.005462,0.01415,
regulationoflamellipodiummorphogenesis,0.007657,0.004784,0.00044,0.001587,0.002181,0.000635,0.005462,0.01415,
positiveregulationofapoptoticsignalingpathway,0.001053,0.000803,0.0003,0.000138,0.000225,0.00005,0.005462,0.01415,
positiveregulationofintrinsicapoptoticsignalingpathway,0.041751,0.01353,0.00228,0.012702,0.009375,0.002063,0.005462,0.01415,
membranetomembranedocking,0.002827,0.00342,0.00101,0.000537,0.000798,0.000301,0.005522,0.014232,
phospholipaseA2activity,0.019929,0.019966,0.037442,0.00099,0.006004,0.005449,0.005734,0.014607,
metallopeptidaseactivity,0.147668,0.142828,0.067227,0.013685,0.029993,0.015957,0.005765,0.014607,
perikaryon,0.001363,0.001605,0.000204,0.000487,0.000298,0.000208,0.005823,0.014607,
multicellularorganismallipidcatabolicprocess,0.007365,0.007673,0.029212,0.001326,0.007958,0.006177,0.005823,0.014607,
phosphatidylcholinemetabolicprocess,0.007365,0.007673,0.029212,0.001326,0.007958,0.006177,0.005839,0.014607,
alveolarlamellarbody,0.00255,0.000714,0.000046,0.00097,0.000393,0.00008,0.005847,0.014607,
microtubule,0.006055,0.005426,0.001848,0.001513,0.000948,0.0005,0.00603,0.014989,
regulationofcellshape,0.011446,0.008811,0.002952,0.002252,0.002752,0.000227,0.006122,0.015139,
fattyacidbiosyntheticprocess,0.007511,0.007672,0.029001,0.001334,0.007959,0.006252,0.006282,0.015319,
multicellularorganismaldevelopment,0.013575,0.011672,0.004743,0.003011,0.00083,0.002226,0.006331,0.015319,
zincionbinding,0.28528,0.230239,0.298587,0.008093,0.020411,0.020326,0.00635,0.015319,
GDPbinding,0.005976,0.005098,0.002623,0.001042,0.000713,0.000682,0.006352,0.015319,
calcium-dependentphospholipaseA2activity,0.007365,0.007612,0.029001,0.001326,0.007992,0.006252,0.006355,0.015319,
brownfatcelldifferentiation,0.007814,0.007785,0.001137,0.00291,0.000704,0.00107,0.006382,0.015319,
T-tubule,0.003201,0.003432,0.001022,0.000727,0.000764,0.000322,0.006465,0.015421,
hypoxanthinesalvage,0.016917,0.012509,0.00761,0.00183,0.002872,0.001813,0.006488,0.015421,
uropod,0.003044,0.003499,0.001125,0.00064,0.000791,0.000276,0.006697,0.015703,
cellproliferation,0.023929,0.01666,0.00593,0.004524,0.00585,0.001637,0.006697,0.015703,
responsetonematode,0.00335,0.00299,0.000563,0.001016,0.000728,0.000196,0.006731,0.015703,
actinfilamentdepolymerization,0.012399,0.00622,0.000806,0.003677,0.003107,0.000568,0.006766,0.015703,
positiveregulationofglucoseimport,0.00335,0.00299,0.000563,0.001016,0.000728,0.000196,0.006767,0.015703,
membrane,0.088744,0.050683,0.030905,0.016333,0.017386,0.006378,0.006902,0.015942,
positiveregulationofTcelldifferentiationinthymus,0.017226,0.011995,0.008202,0.002231,0.002781,0.001387,0.007053,0.016191,
cellularresponsetoUV-B,0.004012,0.004389,0.001651,0.000967,0.00059,0.000533,0.007076,0.016191,
formaldehydecatabolicprocess,0.001059,0.000149,0.000074,0.000365,0.000258,0.000128,0.007274,0.016567,
endosomemembrane,0.004219,0.001718,0.000493,0.00146,0.000685,0.000066,0.007314,0.016579,
sedoheptulose-7-phosphate:D-glyceraldehyde-3-phosphateglyceronetransferaseactivity,0.000319,0.000695,0.000211,0.000109,0.000153,0.000109,0.007585,0.016959,
pentose-phosphateshunt,non-oxidativebranch,0.000319,0.000695,0.000211,0.000109,0.000153,0.000109,0.007585,0.016959
monosaccharidebinding,0.000319,0.000695,0.000211,0.000109,0.000153,0.000109,0.007585,0.016959,
centrosome,0.084853,0.070767,0.023305,0.025546,0.007566,0.007417,0.007634,0.016991,
phosphatidylinositol-4,5-bisphosphatebinding,0.014886,0.011329,0.002487,0.003109,0.004437,0.001036,0.007914,0.017535
multivesicularbody,0.002512,0.000714,0.000046,0.001032,0.000393,0.00008,0.008084,0.017594,
cytolyticgranule,0.002512,0.000714,0.000046,0.001032,0.000393,0.00008,0.008084,0.017594,
autophagiccelldeath,0.002512,0.000714,0.000046,0.001032,0.000393,0.00008,0.008084,0.017594,
phagolysosomemembrane,0.002512,0.000714,0.000046,0.001032,0.000393,0.00008,0.008084,0.017594,
spermmotility,0.000303,0.003071,0.000874,0.000028,0.001207,0.000404,0.008211,0.017712,
motilecilium,0.000303,0.003071,0.000874,0.000028,0.001207,0.000404,0.008211,0.017712,
Tcellactivation,0.017678,0.013245,0.008934,0.00241,0.002735,0.001233,0.008648,0.018573,
filopodium,0.044384,0.017708,0.001582,0.015978,0.010344,0.000895,0.008707,0.018617,
polysaccharidebinding,0.004102,0.002171,0.002236,0.000854,0.000053,0.000453,0.008791,0.018715,
cellcycle,0.002543,0.002413,0.000305,0.000812,0.000667,0.00037,0.008941,0.018953,
proteinself-association,0.043246,0.01785,0.005267,0.011892,0.012153,0.002596,0.009036,0.019059,
positiveregulationofTcellactivation,0.017186,0.012929,0.008736,0.002285,0.002774,0.001084,0.009069,0.019059,
ciliarymembrane,0.008616,0.008896,0.000959,0.003589,0.001789,0.000215,0.009189,0.019228,
cellmigration,0.010852,0.008563,0.003463,0.001185,0.002679,0.001705,0.00941,0.019607,
regulationoftranscriptionfromRNApolymeraseIIpromoter,0.009069,0.006397,0.003535,0.001799,0.001392,0.000996,0.009474,0.019657,
ruffle,0.047859,0.021524,0.005406,0.015801,0.010993,0.001546,0.009665,0.019968,
dendritecytoplasm,0.017468,0.011845,0.009124,0.000276,0.002781,0.002637,0.009767,0.020095,
negativeregulationofinflammatoryresponse,0.053462,0.057222,0.02993,0.006504,0.011113,0.003642,0.009848,0.020175,
lateendosome,0.002943,0.001177,0.000076,0.001248,0.000398,0.000071,0.009932,0.020211,
cytoplasmicvesicle,0.014051,0.008103,0.005429,0.003298,0.002205,0.000515,0.009965,0.020211,
responsetotestosterone,0.001732,0.002523,0.000294,0.000665,0.000744,0.000237,0.009989,0.020211,
endomembranesystem,0.032533,0.009478,0.000232,0.013569,0.006868,0.000402,0.010282,0.020625,
viralprocess,0.010505,0.009903,0.000892,0.004137,0.002647,0.000237,0.010283,0.020625,
dendrite,0.010853,0.006681,0.002327,0.00343,0.00181,0.000398,0.010353,0.020625,
membraneraft,0.039522,0.016177,0.002354,0.014865,0.008493,0.001056,0.010362,0.020625,
dephosphorylation,0.000636,0.000095,0.00009,0.000256,0.000122,0.00005,0.010463,0.020742,
cysteine-typepeptidaseactivity,0.002255,0.001092,0.0003,0.000729,0.000531,0.00005,0.010544,0.020761,
antioxidantactivity,0.010694,0.003407,0.002905,0.001798,0.002953,0.002018,0.010557,0.020761,
leukocytecell-celladhesion,0.002936,0.003501,0.001221,0.00052,0.000925,0.000265,0.010734,0.021024,
cytoskeletalproteinbinding,0.006783,0.006554,0.002718,0.001964,0.000806,0.000127,0.011292,0.022029,
integralcomponentofmembrane,0.253602,0.230432,0.145655,0.009662,0.040165,0.03331,0.011423,0.022196,
regulationofbloodvesselsizebyrenin-angiotensin,0.002881,0.001534,0.000332,0.000463,0.00111,0.000142,0.011888,0.022758,
thioredoxin-disulfidereductaseactivity,0.001028,0.001843,0.000345,0.000569,0.000364,0.000225,0.012101,0.022758,
calciumionbinding,0.643142,0.776465,0.473887,0.049009,0.125809,0.046594,0.012101,0.022758,
vacuolarmembrane,0.001552,0.000649,0.000022,0.000298,0.000664,0.000038,0.012199,0.022758,
aminoacidtransport,0.001552,0.000649,0.000022,0.000298,0.000664,0.000038,0.012199,0.022758,
spermatiddevelopment,0.000154,0.002938,0.000874,0.00014,0.001298,0.000404,0.012199,0.022758,
negativeregulationofplasminogenactivation,0.002881,0.001534,0.000332,0.000463,0.00111,0.000142,0.012324,0.022758,
ubiquitinproteinligasebinding,0.003787,0.005513,0.000546,0.000658,0.002251,0.000489,0.012324,0.022758,
cationbinding,0.001552,0.000649,0.000022,0.000298,0.000664,0.000038,0.012324,0.022758,
positiveregulationofcelldifferentiation,0.002881,0.001534,0.000332,0.000463,0.00111,0.000142,0.012324,0.022758,
bloodvesselmorphogenesis,0.002881,0.001534,0.000332,0.000463,0.00111,0.000142,0.012324,0.022758,
negativeregulationoffibrinolysis,0.002881,0.001534,0.000332,0.000463,0.00111,0.000142,0.012324,0.022758,
positiveregulationoftransforminggrowthfactorbetaproduction,0.002881,0.001534,0.000332,0.000463,0.00111,0.000142,0.012348,0.022758,
spermprincipalpiece,0.000154,0.002938,0.000874,0.00014,0.001298,0.000404,0.012363,0.022758,
cellcortex,0.015645,0.014621,0.007921,0.002984,0.00174,0.002007,0.012507,0.022936,
negativeregulationofproteinkinaseBsignaling,0.032991,0.011138,0.000204,0.01394,0.007687,0.000208,0.01259,0.023003,
positiveregulationofsmoothmusclecellproliferation,0.002974,0.001534,0.000332,0.000588,0.00111,0.000142,0.012698,0.023113,
brushbordermembrane,0.037415,0.013179,0.00108,0.015659,0.008358,0.000268,0.012944,0.023475,
GTPaseactivity,0.0184,0.016702,0.008091,0.004199,0.002242,0.002383,0.013151,0.023711,
microvillusmembrane,0.035196,0.012963,0.001442,0.014364,0.008156,0.000181,0.013171,0.023711,
lipoproteintransport,0.001958,0.001243,0.000515,0.000107,0.000681,0.000108,0.013367,0.023976,
kidneydevelopment,0.028292,0.019533,0.011039,0.00434,0.00657,0.003115,0.013706,0.024397,
renalsodiumiontransport,0.031531,0.00903,0,0.014551,0.007086,0,0.014201,0.024397,
basementmembrane,0.017608,0.017227,0.008405,0.004108,0.002962,0.000582,0.014272,0.024397,
gluconeogenesis,0.009344,0.006541,0.004158,0.001723,0.000028,0.00188,0.014365,0.024397,
AMPcatabolicprocess,0.000149,0,0.000032,0.000054,0,0.000055,0.014402,0.024397,
cellularzincionhomeostasis,0.000887,0,0.00012,0.000419,0,0.000208,0.014423,0.024397,
G-proteincoupledreceptorsignalingpathway,0.002882,0.001388,0.000472,0.000871,0.000656,0.000489,0.014426,0.024397,
adenylatecyclase-activatingdopaminereceptorsignalingpathway,0.031531,0.00903,0,0.014551,0.007086,0,0.01447,0.024397,
beta-cateninbinding,0.032342,0.009386,0,0.014963,0.007044,0,0.01447,0.024397,
5'-nucleotidaseactivity,0.000149,0,0.000032,0.000054,0,0.000055,0.01447,0.024397,
phospholipidcatabolicprocess,0.009093,0.008592,0.029001,0.000618,0.009666,0.006252,0.014917,0.024397,
negativeregulationofplatelet-derivedgrowthfactorreceptorsignalingpathway,0.031531,0.00903,0,0.014551,0.007086,0,0.014952,0.024397,
negativeregulationofsodiumiontransport,0.031531,0.00903,0,0.014551,0.007086,0,0.015008,0.024397,
negativeregulationofphosphatidylinositol3-kinasesignaling,0.031531,0.00903,0,0.014551,0.007086,0,0.015203,0.024397,
chloridechannelregulatoractivity,0.031531,0.00903,0,0.014551,0.007086,0,0.015353,0.024397,
phosphatasebinding,0.031531,0.00903,0,0.014551,0.007086,0,0.01538,0.024397,
cAMP-mediatedsignaling,0.031531,0.00903,0,0.014551,0.007086,0,0.015381,0.024397,
microvillusassembly,0.032039,0.0093,0,0.01466,0.007408,0,0.015396,0.024397,
PDZdomainbinding,0.032065,0.00903,0,0.014751,0.007086,0,0.015396,0.024397,
cellularphosphateionhomeostasis,0.031531,0.00903,0,0.014551,0.007086,0,0.015396,0.024397,
anchoredcomponentofmembrane,0.03426,0.029323,0.04664,0.002875,0.004797,0.00691,0.015396,0.024397,
beta-2adrenergicreceptorbinding,0.031531,0.00903,0,0.014551,0.007086,0,0.015396,0.024397,
negativeregulationofsodium:protonantiporteractivity,0.031531,0.00903,0,0.014551,0.007086,0,0.015396,0.024397,
bileacidsecretion,0.031531,0.00903,0,0.014551,0.007086,0,0.015396,0.024397,
proteincomplexscaffold,0.031531,0.00903,0,0.014551,0.007086,0,0.015396,0.024397,
glutathionetransport,0.031531,0.00903,0,0.014551,0.007086,0,0.015396,0.024397,
negativeregulationofcysteine-typeendopeptidaseactivityinvolvedinapoptoticprocess,0.008317,0.00558,0.001097,0.001886,0.002874,0.001004,0.015396,0.024397,
regulationofexcretion,0.031531,0.00903,0,0.014551,0.007086,0,0.015396,0.024397,
adenosinebiosyntheticprocess,0.000149,0,0.000032,0.000054,0,0.000055,0.015396,0.024397,
positiveregulationofJNKcascade,0.004631,0.001917,0.00043,0.001477,0.001501,0.000149,0.015396,0.024397,
dopaminereceptorbinding,0.031531,0.00903,0,0.014551,0.007086,0,0.015396,0.024397,
responsetootherorganism,0.005157,0.005408,0.001527,0.001579,0.001011,0.001007,0.015396,0.024397,
renalabsorption,0.031531,0.00903,0,0.014551,0.007086,0,0.015396,0.024397,
spermmidpiece,0.031531,0.00903,0,0.014551,0.007086,0,0.015396,0.024397,
renalphosphateionabsorption,0.031531,0.00903,0,0.014551,0.007086,0,0.015396,0.024397,
negativeregulationofcellmotility,0.031559,0.00903,0,0.014557,0.007086,0,0.015396,0.024397,
proteinfolding,0.013165,0.012979,0.005087,0.003154,0.002618,0.002094,0.015489,0.024466,
autophagy,0.011906,0.005406,0.002547,0.002883,0.003042,0.002369,0.015861,0.024946,
tightjunctionassembly,0.000491,0.000376,0,0.000257,0.00001,0,0.015895,0.024946,
angiogenesis,0.053342,0.037591,0.02376,0.003889,0.013236,0.005557,0.015965,0.024948,
microtubule-basedprocess,0.003963,0.003749,0.001064,0.00127,0.000959,0.000341,0.016075,0.024948,
tubulincomplex,0.003963,0.003749,0.001064,0.00127,0.000959,0.000341,0.016081,0.024948,
positiveregulationofDNAreplication,0.010138,0.009766,0.029459,0.003146,0.008982,0.006159,0.016151,0.024948,
phospholipaseC-activatingdopaminereceptorsignalingpathway,0.031915,0.009602,0,0.014564,0.007707,0,0.016151,0.024948,
negativeregulationofapoptoticprocess,0.049252,0.040405,0.027959,0.007575,0.007417,0.002416,0.016817,0.025895,
growthfactorreceptorbinding,0.032065,0.009529,0.001125,0.014653,0.007103,0.000616,0.016964,0.026039,
catalyticactivity,0.001949,0.000847,0.000347,0.000222,0.000595,0.000545,0.017162,0.026261,
intracellularmembrane-boundedorganelle,0.036634,0.01457,0.005241,0.014016,0.00788,0.003671,0.017302,0.026392,
negativeregulationofcellproliferation,0.040127,0.01352,0.008097,0.016078,0.006815,0.00233,0.017652,0.026843,
proteinN-terminusbinding,0.006585,0.005696,0.001295,0.001156,0.002434,0.001111,0.017743,0.026898,
regulationofviralgenomereplication,0.004969,0.00604,0.001508,0.002263,0.000794,0.000478,0.017998,0.0272,
myosinphosphataseactivity,0.001072,0.000575,0,0.000512,0.000219,0,0.018093,0.027259,
protein-disulfidereductase(glutathione)activity,0.006533,0.005696,0.001211,0.001163,0.002434,0.001232,0.018308,0.027259,
cellularproteinlocalization,0.033604,0.009414,0.000453,0.016044,0.007514,0.000406,0.018448,0.027259,
responsetodrug,0.053713,0.035717,0.031777,0.003627,0.010394,0.005114,0.018538,0.027259,
regulationofcircadianrhythm,0.001072,0.000575,0,0.000512,0.000219,0,0.018538,0.027259,
entrainmentofcircadianclockbyphotoperiod,0.001072,0.000575,0,0.000512,0.000219,0,0.018538,0.027259,
myosin-light-chain-phosphataseactivity,0.001072,0.000575,0,0.000512,0.000219,0,0.018538,0.027259,
MLL5-Lcomplex,0.001072,0.000575,0,0.000512,0.000219,0,0.018538,0.027259,
PTW/PP1phosphatasecomplex,0.001072,0.000575,0,0.000512,0.000219,0,0.018538,0.027259,
circadianregulationofgeneexpression,0.001109,0.000575,0,0.000534,0.000219,0,0.018682,0.027389,
scaffoldproteinbinding,0.005368,0.005529,0.001709,0.001771,0.000925,0.001038,0.01877,0.027435,
proteinpeptidyl-prolylisomerization,0.005025,0.006109,0.001508,0.002349,0.000754,0.000478,0.018995,0.027651,
nucleus,0.207873,0.189496,0.105118,0.035623,0.044853,0.001667,0.019065,0.027651,
proteolysis,0.997254,1.151515,1.426968,0.058807,0.208308,0.0707,0.019087,0.027651,
tumornecrosisfactor-mediatedsignalingpathway,0.006168,0.005915,0.000912,0.002643,0.001488,0.000678,0.019296,0.027871,
peptidyl-prolylcis-transisomeraseactivity,0.005037,0.006109,0.001508,0.002369,0.000754,0.000478,0.01947,0.027971,
nitricoxidemediatedsignaltransduction,0.001056,0.000154,0,0.000577,0.000161,0,0.01948,0.027971,
negativeregulationofcellmigration,0.037273,0.013138,0.006652,0.015436,0.006912,0.001203,0.019536,0.027971,
ethanolcatabolicprocess,0.003101,0.002498,0.000687,0.000595,0.001183,0.000203,0.02076,0.029581,
positiveregulationofglycolyticprocess,0.000513,0.002983,0.000926,0.000416,0.001263,0.000473,0.020782,0.029581,
apicalpartofcell,0.052877,0.021105,0.007244,0.022661,0.010521,0.001533,0.02107,0.029904,
glyceraldehyde-3-phosphatemetabolicprocess,0.008686,0.007014,0.004043,0.001893,0.000366,0.001626,0.021304,0.030149,
endoplasmicreticulum-Golgiintermediatecompartment,0.035503,0.0252,0.013941,0.002489,0.010479,0.004295,0.021521,0.03032,
cytoskeleton,0.021907,0.014498,0.007231,0.005335,0.005556,0.00174,0.021601,0.03032,
nuclearmatrix,0.008013,0.00596,0.001278,0.003453,0.00127,0.000519,0.02161,0.03032,
positiveregulationofcollagenbiosyntheticprocess,0.004985,0.001682,0.000332,0.002198,0.001358,0.000142,0.022012,0.030796,
alcoholsulfotransferaseactivity,0.001063,0.000304,0,0.000529,0.000269,0,0.022204,0.030819,
microvillus,0.063238,0.029717,0.021415,0.022079,0.009184,0.001787,0.02223,0.030819,
germcellmigration,0.000509,0.00002,0,0.000311,0.000034,0,0.022281,0.030819,
steroidsulfotransferaseactivity,0.001063,0.000304,0,0.000529,0.000269,0,0.022281,0.030819,
serine-typepeptidaseactivity,0.000944,0.000086,0.000257,0.000395,0.000149,0.000255,0.022359,0.03084,
GTPbinding,0.020085,0.017853,0.00866,0.005323,0.003059,0.002352,0.022435,0.030858,
positiveregulationofcardiacmusclehypertrophy,0.002064,0,0.000345,0.001049,0,0.000598,0.022911,0.031024,
corticalactincytoskeletonorganization,0.000802,0.001951,0.000332,0.000433,0.000765,0.000233,0.022941,0.031024,
CXCR4chemokinereceptorbinding,0.032116,0.042194,0.018723,0.007109,0.009964,0.003908,0.022941,0.031024,
negativeregulationofmacrophageactivation,0.032116,0.042194,0.018723,0.007109,0.009964,0.003908,0.022941,0.031024,
negativeregulationofgastricacidsecretion,0.032116,0.042194,0.018723,0.007109,0.009964,0.003908,0.022941,0.031024,
chemokine-mediatedsignalingpathway,0.032116,0.042194,0.018723,0.007109,0.009964,0.003908,0.022951,0.031024,
positiveregulationofERK1andERK2cascade,0.03638,0.043728,0.019054,0.009853,0.008881,0.003898,0.022999,0.031024,
regulationofproteinkinaseactivity,0.034267,0.009414,0.001792,0.016956,0.007514,0.001284,0.023259,0.031288,
glycogenmetabolicprocess,0.001102,0.000575,0.00005,0.000529,0.000219,0.000086,0.023855,0.032002,
cellprojection,0.00378,0.000721,0.001077,0.000666,0.000577,0.001621,0.023969,0.032067,
actincytoskeletonorganization,0.039099,0.014615,0.003306,0.018443,0.008276,0.001646,0.024471,0.032649,
positiveregulationofproteasomalubiquitin-dependentproteincatabolicprocess,0.001788,0.001755,0.000285,0.00081,0.000405,0.00029,0.024537,0.032649,
regulationofcellmigration,0.035597,0.04539,0.0211,0.00821,0.010473,0.002677,0.024747,0.032839,
endosome,0.008791,0.006877,0.005781,0.000783,0.001291,0.000769,0.024917,0.032975,
manganeseionbinding,0.024201,0.018421,0.010875,0.003687,0.005989,0.002428,0.024994,0.032988,
responsetoethanol,0.036238,0.023556,0.015567,0.001786,0.011464,0.00069,0.025148,0.033035,
celldifferentiationinvolvedinsalivaryglanddevelopment,0.000101,0.000031,0.000046,0.000032,0.000022,0.000013,0.025165,0.033035,
lipidparticle,0.006797,0.006409,0.002565,0.001984,0.001624,0.00051,0.025381,0.033196,
responsetoorganicsubstance,0.022581,0.017533,0.011522,0.001411,0.005804,0.001619,0.025423,0.033196,
triose-phosphateisomeraseactivity,0.008367,0.006319,0.003832,0.001844,0.000273,0.001735,0.025746,0.033529,
receptorbinding,0.016283,0.012951,0.032319,0.003656,0.008544,0.007005,0.025953,0.033597,
fructose6-phosphatemetabolicprocess,0.000568,0.000823,0.000211,0.000291,0.000151,0.000109,0.026002,0.033597,
misfoldedproteinbinding,0.001331,0.001703,0.000253,0.000681,0.000417,0.000282,0.026005,0.033597,
cytoplasmicmicrotubule,0.001511,0.001012,0.000565,0.000417,0.000289,0.000165,0.026319,0.033872,
isomeraseactivity,0.008713,0.006693,0.003888,0.002068,0.000119,0.00178,0.026356,0.033872,
aminopeptidaseactivity,0.060207,0.042974,0.02549,0.006577,0.0165,0.008462,0.026956,0.034553,
peptidaseactivity,0.207849,0.189909,0.527342,0.034951,0.024878,0.212141,0.027618,0.035309,
proteolysisinvolvedincellularproteincatabolicprocess,0.002537,0.002035,0.000253,0.000822,0.001059,0.000282,0.027693,0.035312,
proteincomplexbinding,0.051367,0.03031,0.01271,0.017487,0.012844,0.004552,0.028172,0.03583,
ERoverloadresponse,0.0011,0.001591,0.000253,0.00049,0.000541,0.000282,0.028306,0.035889,
activationofsignalingproteinactivityinvolvedinunfoldedproteinresponse,0.0011,0.001591,0.000253,0.00049,0.000541,0.000282,0.028469,0.035889,
responsetonutrient,0.504208,0.640166,0.37279,0.045409,0.142234,0.037575,0.028807,0.035889,
COP9signalosome,0.006519,0.007712,0.00401,0.001646,0.001319,0.000498,0.028887,0.035889,
cerebellumstructuralorganization,0.0011,0.001591,0.000253,0.00049,0.000541,0.000282,0.029095,0.035889,
integralcomponentofendoplasmicreticulummembrane,0.001221,0.001667,0.000253,0.000407,0.000667,0.000282,0.029245,0.035889,
negativeregulationoftransforminggrowthfactorbetareceptorsignalingpathway,0.0011,0.001591,0.000253,0.00049,0.000541,0.000282,0.029245,0.035889,
neutrophilchemotaxis,0.008991,0.002722,0.002076,0.003444,0.002027,0.001862,0.029245,0.035889,
positiveregulationofproteinubiquitination,0.0011,0.001591,0.000253,0.00049,0.000541,0.000282,0.029245,0.035889,
endoplasmicreticulumchaperonecomplex,0.0011,0.001591,0.000253,0.00049,0.000541,0.000282,0.029245,0.035889,
maintenanceofproteinlocalizationinendoplasmicreticulum,0.0011,0.001591,0.000253,0.00049,0.000541,0.000282,0.029245,0.035889,
intracellularsignaltransduction,0.00128,0.00162,0.000204,0.000761,0.000319,0.000208,0.029245,0.035889,
positiveregulationofembryonicdevelopment,0.0011,0.001591,0.000253,0.00049,0.000541,0.000282,0.029245,0.035889,
cellularresponsetoglucosestarvation,0.0011,0.001591,0.000253,0.00049,0.000541,0.000282,0.029245,0.035889,
collagencatabolicprocess,0.495411,0.631615,0.367594,0.044081,0.141306,0.038183,0.029457,0.036059,
nucleareuchromatin,0.003404,0.00204,0.000602,0.001243,0.000999,0.000327,0.029661,0.036205,
negativeregulationofproteasomalubiquitin-dependentproteincatabolicprocess,0.000892,0.000315,0.000547,0.000181,0.000088,0.000269,0.029872,0.036205,
naturalkillercellmediatedcytotoxicity,0.003404,0.00204,0.000602,0.001243,0.000999,0.000327,0.029872,0.036205,
regulationofNF-kappaBimportintonucleus,0.003404,0.00204,0.000602,0.001243,0.000999,0.000327,0.029872,0.036205,
erythrocytehomeostasis,0.003695,0.00204,0.000639,0.001447,0.000999,0.000268,0.029996,0.036265,
regulationofproteinstability,0.003517,0.001364,0.000099,0.001125,0.001665,0.000171,0.030335,0.036568,
proteinpolymerization,0.007079,0.005937,0.003386,0.001724,0.001017,0.000926,0.030395,0.036568,
responsetonicotine,0.487875,0.625677,0.362812,0.043754,0.141778,0.039261,0.03047,0.036568,
responsetocaffeine,0.487875,0.625916,0.362812,0.043754,0.142075,0.039261,0.030579,0.036609,
calcium-dependentphospholipidbinding,0.011905,0.008877,0.003953,0.002829,0.003166,0.002008,0.030785,0.036766,
voltage-gatedchloridechannelactivity,0.004327,0.003401,0.00098,0.001627,0.00084,0.000866,0.030977,0.036816,
chloridechannelcomplex,0.004327,0.003401,0.00098,0.001627,0.00084,0.000866,0.030977,0.036816,
establishmentormaintenanceofapical/basalcellpolarity,0.004578,0.003721,0.001109,0.001847,0.001019,0.000219,0.031175,0.036962,
mesodermformation,0.001319,0.001843,0.000382,0.000782,0.000364,0.000165,0.03136,0.036962,
regulationofsodiumiontransport,0.000374,0.000095,0.000012,0.00019,0.000122,0.000021,0.03153,0.036962,
arylsulfotransferaseactivity,0.000696,0.000871,0,0.000483,0.000264,0,0.031603,0.036962,
lysosomalmembrane,0.051469,0.038276,0.022069,0.003453,0.016992,0.002995,0.031663,0.036962,
carbohydratemetabolicprocess,0.020215,0.015446,0.009147,0.002936,0.005799,0.001278,0.032675,0.036962,
ionchannelinhibitoractivity,0.001192,0.001605,0.000204,0.000775,0.000298,0.000208,0.032912,0.036962,
potassiumionimport,0.000374,0.000095,0.000012,0.00019,0.000122,0.000021,0.032912,0.036962,
intercalateddisc,0.000818,0.00002,0,0.000549,0.000034,0,0.032912,0.036962,
cerebellarPurkinjecelllayerdevelopment,0.0011,0.001591,0.000273,0.00049,0.000541,0.000315,0.032912,0.036962,
Zdisc,0.020461,0.022625,0.012958,0.000774,0.00474,0.003535,0.032912,0.036962,
negativeregulationofWntsignalingpathway,0.001192,0.001605,0.000204,0.000775,0.000298,0.000208,0.032912,0.036962,
proteintyrosinekinaseinhibitoractivity,0.001192,0.001605,0.000204,0.000775,0.000298,0.000208,0.032912,0.036962,
positiveregulationofcAMPcatabolicprocess,0.001192,0.001605,0.000204,0.000775,0.000298,0.000208,0.032912,0.036962,
receptortyrosinekinasebinding,0.001192,0.001605,0.000204,0.000775,0.000298,0.000208,0.032912,0.036962,
sodiumionbinding,0.000374,0.000095,0.000012,0.00019,0.000122,0.000021,0.032912,0.036962,
actincytoskeletonreorganization,0.00969,0.003484,0.002516,0.003951,0.001951,0.001258,0.032912,0.036962,
negativeregulationofglucocorticoidbiosyntheticprocess,0.000374,0.000095,0.000012,0.00019,0.000122,0.000021,0.032912,0.036962,
positiveregulationofproteinhomooligomerization,0.001192,0.001605,0.000204,0.000775,0.000298,0.000208,0.032912,0.036962,
sodiumiontransmembranetransport,0.000374,0.000095,0.000012,0.00019,0.000122,0.000021,0.032912,0.036962,
SH2domainbinding,0.001192,0.001605,0.000204,0.000775,0.000298,0.000208,0.032915,0.036962,
positiveregulationofheartcontraction,0.000374,0.000095,0.000012,0.00019,0.000122,0.000021,0.033331,0.036962,
positiveregulationofstriatedmusclecontraction,0.000374,0.000095,0.000012,0.00019,0.000122,0.000021,0.03341,0.036962,
filopodiumassembly,0.004585,0.003721,0.001109,0.001859,0.001019,0.000219,0.033534,0.036962,
rhythmicprocess,0.001192,0.001605,0.000204,0.000775,0.000298,0.000208,0.033589,0.036962,
negativeregulationofphagocytosis,0.001192,0.001605,0.000204,0.000775,0.000298,0.000208,0.033589,0.036962,
regulationofcelldivision,0.001192,0.001605,0.000204,0.000775,0.000298,0.000208,0.033589,0.036962,
positiveregulationofmitochondrialdepolarization,0.001192,0.001605,0.000204,0.000775,0.000298,0.000208,0.033589,0.036962,
heartcontraction,0.01677,0.01322,0.009664,0.001372,0.003732,0.001431,0.033589,0.036962,
membranehyperpolarization,0.000374,0.000095,0.000012,0.00019,0.000122,0.000021,0.033589,0.036962,
regulationofestablishmentofproteinlocalizationtoplasmamembrane,0.001192,0.001605,0.000204,0.000775,0.000298,0.000208,0.033589,0.036962,
regulationofestablishmentofcellpolarity,0.001192,0.001605,0.000204,0.000775,0.000298,0.000208,0.033589,0.036962,
positiveregulationofgastrulation,0.001192,0.001605,0.000204,0.000775,0.000298,0.000208,0.033591,0.036962,
proteinserine/threoninephosphataseactivity,0.001354,0.000844,0,0.000763,0.000298,0,0.033925,0.037163,
proteindephosphorylation,0.001354,0.000844,0,0.000763,0.000298,0,0.033925,0.037163,
positiveregulationofMAPkinaseactivity,0.009708,0.008896,0.000745,0.005689,0.001789,0.000019,0.034484,0.037691,
cellularresponsetostarvation,0.012864,0.012274,0.006916,0.003338,0.001783,0.001131,0.034729,0.037874,
carbohydratebinding,0.055197,0.04568,0.024288,0.012814,0.014159,0.001392,0.035226,0.03833,
cell-celljunction,0.011965,0.008663,0.003348,0.005068,0.001389,0.000596,0.035473,0.03837,
proteinexportfromnucleus,0.000822,0.001761,0.000354,0.000455,0.000663,0.000337,0.035473,0.03837,
voltage-gatedanionchannelactivity,0.001626,0.000947,0.00013,0.000864,0.000183,0.000226,0.035615,0.03837,
xenobiotic-transportingATPaseactivity,0.000225,0.000173,0.000034,0.000042,0.000095,0.00006,0.036032,0.03837,
cysteine-typeendopeptidaseactivatoractivityinvolvedinapoptoticprocess,0.00123,0.001605,0.000204,0.0008,0.000298,0.000208,0.036032,0.03837,
porinactivity,0.001626,0.000947,0.00013,0.000864,0.000183,0.000226,0.036054,0.03837,
ATPaseactivity,coupledtotransmembranemovementofsubstances,0.000225,0.000173,0.000034,0.000042,0.000095,0.00006,0.036076,0.03837
positiveregulationofGTPaseactivity,0.00123,0.001605,0.000204,0.0008,0.000298,0.000208,0.036109,0.03837,
porecomplex,0.001626,0.000947,0.00013,0.000864,0.000183,0.000226,0.036124,0.03837,
negativeregulationofERK1andERK2cascade,0.040937,0.021532,0.008512,0.015367,0.012464,0.000364,0.036124,0.03837,
establishmentofproteinlocalizationtoplasmamembrane,0.000477,0.000356,0,0.000299,0.000043,0,0.036124,0.03837,
proteinhomodimerizationactivity,0.048086,0.035596,0.024468,0.005671,0.011111,0.007323,0.036977,0.03919,
malatedehydrogenaseactivity,0.008359,0.005767,0.001602,0.002812,0.00276,0.00139,0.037149,0.039288,
meprinAcomplex,0.005973,0.004004,0.002949,0.000681,0.00169,0.000489,0.037563,0.03964,
establishmentofskinbarrier,0.332723,0.365925,0.556213,0.038327,0.076376,0.121268,0.037695,0.039694,
serinehydrolaseactivity,0.332149,0.365611,0.5553,0.03847,0.076079,0.12137,0.037976,0.039904,
pentose-phosphateshunt,0.009354,0.00635,0.003832,0.002927,0.000224,0.001735,0.038084,0.039932,
nucleotidebinding,0.005994,0.004874,0.001711,0.002386,0.001049,0.000856,0.038306,0.040079,
melanosome,0.035834,0.026196,0.013753,0.003955,0.012835,0.002808,0.03884,0.040551,
regulationoftranscription,DNA-templated,0.002708,0.002687,0.00044,0.000384,0.00149,0.000511,0.03948,0.041132
leukocytemigrationinvolvedininflammatoryresponse,0.00859,0.002722,0.002076,0.00353,0.002027,0.001862,0.039829,0.041157,
lateendosomemembrane,0.000551,0.000473,0.00003,0.000127,0.000322,0.000052,0.039841,0.041157,
regulationofintegrinbiosyntheticprocess,0.00859,0.002722,0.002076,0.00353,0.002027,0.001862,0.039841,0.041157,
neutrophilaggregation,0.00859,0.002722,0.002076,0.00353,0.002027,0.001862,0.039841,0.041157,
caveola,0.001517,0.001741,0.000222,0.000608,0.000814,0.000161,0.040658,0.041913,
hormoneactivity,0.015249,0.010192,0.005949,0.005642,0.001527,0.00054,0.041498,0.042645,
proteinhomooligomerization,0.001841,0.000395,0.000403,0.000988,0.000026,0.000352,0.041543,0.042645,
leukocytechemotaxis,0.008816,0.002941,0.002576,0.003534,0.001838,0.001913,0.041682,0.042692,
celldivision,0.001212,0.000767,0.0001,0.000473,0.000495,0.000174,0.041763,0.042692,
salivaryglandcavitation,0.000475,0.000356,0,0.00031,0.000043,0,0.042374,0.043227,
chromosomesegregation,0.001817,0.000262,0.000642,0.000029,0.000335,0.000973,0.042661,0.043249,
MMXDcomplex,0.001817,0.000262,0.000642,0.000029,0.000335,0.000973,0.042661,0.043249,
negativeregulationofmitochondrialoutermembranepermeabilizationinvolvedinapoptoticsignalingpathway,0.001817,0.000262,0.000642,0.000029,0.000335,0.000973,0.042661,0.043249,
hormonebinding,0.005121,0.004365,0.001828,0.001704,0.001288,0.000501,0.043013,0.043516,
sulfotransferaseactivity,0.001063,0.000785,0,0.000529,0.000462,0,0.043277,0.043692,
positiveregulationofMAPKcascade,0.003217,0.000557,0.000444,0.001733,0.000639,0.000769,0.043384,0.04371,
proteinphosphatasebinding,0.002046,0.00211,0.000479,0.00113,0.000303,0.000155,0.043693,0.043931,
sarcomereorganization,0.015599,0.017629,0.009229,0.002497,0.00411,0.002918,0.044514,0.044665,
alpha-glucosidaseactivity,0.015527,0.013334,0.007576,0.002651,0.004424,0.001227,0.044985,0.044769,
positiveregulationofcytosoliccalciumionconcentration,0.001207,0.000631,0.000061,0.000681,0.000266,0.000106,0.045376,0.044769,
toxicsubstancebinding,0.011686,0.011527,0.006301,0.00295,0.002354,0.001143,0.045376,0.044769,
amylaseactivity,0.015527,0.013334,0.007576,0.002651,0.004424,0.001227,0.045376,0.044769,
hemolysisbysymbiontofhosterythrocytes,0.01164,0.011512,0.006301,0.002942,0.002339,0.001143,0.045376,0.044769,
lamellipodiummembrane,0.003197,0.000765,0.001004,0.001439,0.000392,0.000879,0.045426,0.044769,
maltosealpha-glucosidaseactivity,0.015527,0.013334,0.007576,0.002651,0.004424,0.001227,0.04553,0.044769,
positiveregulationofcircadiansleep/wakecycle,non-REMsleep,0.01164,0.011512,0.006301,0.002942,0.002339,0.001143,0.045544,0.044769
responsetomercuryion,0.01164,0.011512,0.006301,0.002942,0.002339,0.001143,0.045544,0.044769,
transmembranetransport,0.002042,0.000435,0.000677,0.00005,0.000429,0.001032,0.045544,0.044769,
responsetoplatinumion,0.01164,0.011512,0.006301,0.002942,0.002339,0.001143,0.045624,0.044769,
epithelialcellmorphogenesis,0.000639,0.00054,0.000065,0.000173,0.000339,0.000112,0.045733,0.044773,
sodium:potassium-exchangingATPaseactivity,0.001346,0.00137,0.000012,0.000503,0.000871,0.000021,0.045974,0.044773,
trans-Golginetwork,0.014058,0.011673,0.005735,0.003123,0.004509,0.000851,0.045974,0.044773,
sodium:potassium-exchangingATPasecomplex,0.001346,0.00137,0.000012,0.000503,0.000871,0.000021,0.04601,0.044773,
pyridoxalphosphatebinding,0.014559,0.013643,0.007735,0.003201,0.003235,0.001507,0.046085,0.044773,
responsetosaltstress,0.00179,0.000315,0.000772,0.000825,0.000088,0.000519,0.046385,0.044976,
cell-celljunctionorganization,0.000658,0.000184,0.000065,0.000227,0.000319,0.000112,0.046653,0.045146,
maintenanceofmitochondrionlocation,0.011714,0.011652,0.006372,0.002871,0.00248,0.001229,0.046847,0.045244,
retinolmetabolicprocess,0.006925,0.004398,0.001639,0.002645,0.002194,0.000245,0.047218,0.045513,
epithelialcelldevelopment,0.005082,0.003789,0.006288,0.000812,0.000247,0.001408,0.048263,0.046069,
antigentranscytosisbyMcellsinmucosal-associatedlymphoidtissue,0.016445,0.012149,0.02357,0.000531,0.002313,0.007191,0.048454,0.046069,
responsetovirus,0.00552,0.002457,0.001804,0.001831,0.001621,0.000893,0.048553,0.046069,
basalplasmamembrane,0.000718,0.000596,0,0.000067,0.000499,0,0.048854,0.046069,
chemicalhomeostasis,0,0,0.000176,0,0,0.000134,0.048854,0.046069,
innermucuslayer,0.005082,0.003789,0.006288,0.000812,0.000247,0.001408,0.048854,0.046069,
outermucuslayer,0.005082,0.003789,0.006288,0.000812,0.000247,0.001408,0.048854,0.046069,
metanephricascendingthinlimbdevelopment,0,0,0.000176,0,0,0.000134,0.048854,0.046069,
metanephricdistalconvolutedtubuledevelopment,0,0,0.000176,0,0,0.000134,0.048854,0.046069,
metanephricthickascendinglimbdevelopment,0,0,0.000176,0,0,0.000134,0.048924,0.046069,
primarycilium,0,0,0.000176,0,0,0.000134,0.048924,0.046069,
regulationofionhomeostasis,0,0,0.000176,0,0,0.000134,0.048924,0.046069,
regulationofcellmorphogenesis,0.002652,0.000191,0.000366,0.001662,0.000331,0.000634,0.049282,0.046317,
positiveregulationofosteoblastdifferentiation,0.002364,0.002287,0.00098,0.000498,0.000241,0.000866,0.049761,0.046678,
regulationofbloodpressure,0.021544,0.017241,0.011187,0.004077,0.005188,0.001947,0.0499,0.046719,
arginaseactivity,0.000861,0.000933,0.000053,0.000189,0.000613,0.000092,0.050691,0.046986,
ornithine-oxo-acidtransaminaseactivity,0.000694,0.001006,0.000028,0.000153,0.000643,0.000049,0.050702,0.046986,
argininemetabolicprocess,0.000861,0.000933,0.000053,0.000189,0.000613,0.000092,0.050702,0.046986,
spermatogenesis,0.022221,0.018516,0.012831,0.001539,0.004116,0.004486,0.050702,0.046986,
proteinhexamerization,0.000694,0.001006,0.000028,0.000153,0.000643,0.000049,0.050761,0.046986,
L-prolinebiosyntheticprocess,0.000694,0.001006,0.000028,0.000153,0.000643,0.000049,0.050761,0.046986,
actinfilamentbinding,0.014602,0.012812,0.005926,0.003094,0.005075,0.001323,0.050941,0.047063,
spectrinbinding,0.00203,0.001055,0.000134,0.001083,0.000645,0.000117,0.051695,0.04767,
ubiquitin-proteintransferaseactivity,0.001898,0.002224,0,0.001173,0.001096,0,0.051999,0.047822,
positiveregulationofstressfiberassembly,0.00748,0.005367,0.002206,0.002558,0.002246,0.001005,0.052055,0.047822,
sensoryperceptionofsound,0.007096,0.004336,0.002372,0.002398,0.00194,0.000759,0.052299,0.047956,
chronicinflammatoryresponse,0.009397,0.002986,0.002847,0.004065,0.002128,0.002024,0.0525,0.047971,
regulationofcalciumiontransport,0.00421,0.002978,0.002219,0.000473,0.000325,0.001218,0.052512,0.047971,
apoptoticcellclearance,0.000551,0.000527,0.000046,0.000152,0.000343,0.00008,0.053615,0.048888,
proteinlocalization,0.002995,0.003159,0.000343,0.000381,0.002097,0.000126,0.054141,0.049276,
fibrinogencomplex,0.004486,0.002716,0.002145,0.000261,0.001517,0.000613,0.055036,0.049998,
