GO Title , cecum count , ileum count , jejunum count , prox colon count , Stomach count, cecum std, ileum std, jejunum std, prox colon std, Stomach std, p-val, q-val,
responsetoionizingradiation,0,0,0,0,0.000321,0,0,0,0,0.000069,0,0.000031,
intermediatefilamentbundleassembly,0,0,0,0,0.000321,0,0,0,0,0.000069,0,0.000031,
aspartic-typeendopeptidaseactivity,0,0.001294,0,0,0.020664,0,0.002241,0,0,0.005076,0.000004,0.000194,
polysaccharidecatabolicprocess,0.152187,0.100207,0.079071,0.140821,0.033543,0.022617,0.016757,0.010726,0.021635,0.006094,0.000014,0.000201,
responsetohypoxia,0.017411,0.010962,0.009994,0.012987,0.002201,0.002157,0.002196,0.001757,0.001507,0.002093,0.000023,0.000201,
histaminesecretion,0.011874,0.007279,0.007764,0.007982,0.000682,0.001152,0.00178,0.000944,0.00254,0.000592,0.000023,0.000201,
trophectodermalcelldifferentiation,0.012265,0.007296,0.007764,0.008311,0.000682,0.001272,0.0018,0.000944,0.002613,0.000592,0.000025,0.000201,
purinenucleosidebinding,0.011874,0.007279,0.007764,0.007982,0.000682,0.001152,0.00178,0.000944,0.00254,0.000592,0.000028,0.000201,
liverdevelopment,0.014155,0.010829,0.00826,0.010538,0.001418,0.000989,0.002274,0.001464,0.001209,0.001624,0.000028,0.000201,
placentadevelopment,0.01198,0.008009,0.007928,0.008376,0.000935,0.001153,0.001903,0.001089,0.002382,0.00047,0.000028,0.000201,
chondrocytedifferentiation,0,0.003428,0,0.004271,0.069925,0,0.005937,0,0.007398,0.02438,0.000036,0.000201,
germinalcenterBcelldifferentiation,0.011874,0.007279,0.007764,0.007982,0.000682,0.001152,0.00178,0.000944,0.00254,0.000592,0.000037,0.000201,
immunesystemprocess,0.152187,0.100559,0.079071,0.140821,0.033341,0.022617,0.016535,0.010726,0.021635,0.006149,0.000037,0.000201,
productionofmolecularmediatorinvolvedininflammatoryresponse,0.152187,0.100207,0.079071,0.140821,0.033341,0.022617,0.016757,0.010726,0.021635,0.006149,0.000038,0.000201,
positiveregulationofgerminalcenterformation,0.011874,0.007279,0.007764,0.007982,0.000682,0.001152,0.00178,0.000944,0.00254,0.000592,0.000038,0.000201,
negativeregulationofleukocytemigration,0.011874,0.007279,0.007764,0.007982,0.000682,0.001152,0.00178,0.000944,0.00254,0.000592,0.000038,0.000201,
adenosinedeaminaseactivity,0.011874,0.007279,0.007764,0.007982,0.000682,0.001152,0.00178,0.000944,0.00254,0.000592,0.000038,0.000201,
serine-typeendopeptidaseactivity,1.510506,1.37095,1.593625,1.364505,0.783317,0.053079,0.056643,0.087556,0.043231,0.238767,0.000041,0.000201,
alpha-glucosidaseactivity,0.011704,0.006202,0.004404,0.012089,0.002038,0.000892,0.00115,0.000993,0.001044,0.002687,0.000056,0.000201,
chitinaseactivity,0.152187,0.100207,0.079071,0.140821,0.033543,0.022617,0.016757,0.010726,0.021635,0.006094,0.000066,0.000201,
nucleolus,0.01435,0.023243,0.008992,0.016724,0.048038,0.001359,0.002595,0.004962,0.004297,0.008864,0.000073,0.000201,
chitincatabolicprocess,0.152187,0.100207,0.079071,0.140821,0.033543,0.022617,0.016757,0.010726,0.021635,0.006094,0.000073,0.000201,
adenosinecatabolicprocess,0.011874,0.007279,0.007764,0.007982,0.000682,0.001152,0.00178,0.000944,0.00254,0.000592,0.000073,0.000201,
deoxyadenosinecatabolicprocess,0.011874,0.007279,0.007764,0.007982,0.000682,0.001152,0.00178,0.000944,0.00254,0.000592,0.000073,0.000201,
apoptoticprocess,0.161607,0.109794,0.085854,0.154002,0.036878,0.021161,0.018094,0.012965,0.020528,0.008699,0.000073,0.000201,
celladhesion,0.024648,0.015344,0.013815,0.019077,0.002968,0.002115,0.004752,0.002201,0.002556,0.002743,0.000073,0.000201,
epidermalgrowthfactorreceptorsignalingpathway,0.004172,0.001733,0.000116,0.00629,0.00057,0.001126,0.00146,0.0002,0.000939,0.000705,0.000073,0.000201,
chitinbinding,0.152187,0.100207,0.079071,0.140821,0.033543,0.022617,0.016757,0.010726,0.021635,0.006094,0.000073,0.000201,
purineribonucleosidemonophosphatebiosyntheticprocess,0.011874,0.007279,0.007764,0.007982,0.000682,0.001152,0.00178,0.000944,0.00254,0.000592,0.000073,0.000201,
responsetobacterium,0.004172,0.00176,0.000116,0.00629,0.00057,0.001126,0.001504,0.0002,0.000939,0.000705,0.000073,0.000201,
externalsideofplasmamembrane,0.048178,0.022752,0.023666,0.04291,0.014011,0.005661,0.00712,0.003032,0.004338,0.006903,0.000076,0.000201,
positiveregulationofheartrate,0.011874,0.007279,0.007764,0.007982,0.000682,0.001152,0.00178,0.000944,0.00254,0.000592,0.000077,0.000201,
positiveregulationofcardiacmusclehypertrophy,0,0,0,0,0.00241,0,0,0,0,0.000756,0.000082,0.000201,
positiveregulationofepithelialcellmigration,0.004172,0.001771,0.000116,0.00629,0.00057,0.001126,0.001521,0.0002,0.000939,0.000705,0.000085,0.000201,
viralprocess,0.007813,0.00247,0.003304,0.007122,0.00059,0.001237,0.000379,0.001925,0.000863,0.000549,0.000085,0.000201,
amylaseactivity,0.011704,0.006202,0.004404,0.012089,0.002038,0.000892,0.00115,0.000993,0.001044,0.002687,0.000086,0.000201,
dipeptidaseactivity,0.013857,0.009213,0.00422,0.014595,0.00391,0.002436,0.00229,0.000469,0.000725,0.002457,0.000087,0.000201,
ceramidaseactivity,0.003752,0.002018,0.00108,0.004933,0.000362,0.000731,0.000565,0.00048,0.001206,0.000338,0.000088,0.000201,
lungdevelopment,0.011874,0.007279,0.007764,0.007982,0.000682,0.001152,0.00178,0.000944,0.00254,0.000592,0.000088,0.000201,
positiveregulationofactinfilamentbundleassembly,0.004172,0.001733,0.000116,0.00629,0.00057,0.001126,0.00146,0.0002,0.000939,0.000705,0.000091,0.000201,
purinenucleotidesalvage,0.011874,0.007279,0.007764,0.007982,0.000682,0.001152,0.00178,0.000944,0.00254,0.000592,0.000091,0.000201,
actinfilamentbundle,0.004172,0.001733,0.000116,0.00629,0.00057,0.001126,0.00146,0.0002,0.000939,0.000705,0.000091,0.000201,
filopodiumtip,0.004172,0.001733,0.000116,0.00629,0.00057,0.001126,0.00146,0.0002,0.000939,0.000705,0.000091,0.000201,
maltosealpha-glucosidaseactivity,0.011704,0.006202,0.004404,0.012089,0.002038,0.000892,0.00115,0.000993,0.001044,0.002687,0.000091,0.000201,
responsetovitaminE,0.011874,0.007389,0.007824,0.007982,0.000682,0.001152,0.001727,0.000996,0.00254,0.000592,0.000091,0.000201,
lysophosphatidicacidbinding,0.004172,0.001733,0.000116,0.00629,0.00057,0.001126,0.00146,0.0002,0.000939,0.000705,0.000091,0.000201,
cellularresponsetohepatocytegrowthfactorstimulus,0.004172,0.001733,0.000116,0.00629,0.00057,0.001126,0.00146,0.0002,0.000939,0.000705,0.000091,0.000201,
"negativeregulationofcircadiansleep/wakecycle,non-REMsleep",0.011874,0.007279,0.007764,0.007982,0.000682,0.001152,0.00178,0.000944,0.00254,0.000592,0.000091,0.000201,
responsetomorphine,0.011874,0.007279,0.007764,0.007982,0.000682,0.001152,0.00178,0.000944,0.00254,0.000592,0.000091,0.000201,
regulationofTcelldifferentiation,0.011874,0.007279,0.007764,0.007982,0.000682,0.001152,0.00178,0.000944,0.00254,0.000592,0.000091,0.000201,
positiveregulationofTcelldifferentiation,0.011874,0.007279,0.007764,0.007982,0.000682,0.001152,0.00178,0.000944,0.00254,0.000592,0.000091,0.000201,
dATPcatabolicprocess,0.011874,0.007279,0.007764,0.007982,0.000682,0.001152,0.00178,0.000944,0.00254,0.000592,0.000091,0.000201,
hypoxanthinebiosyntheticprocess,0.011874,0.007279,0.007764,0.007982,0.000682,0.001152,0.00178,0.000944,0.00254,0.000592,0.000091,0.000201,
inosinebiosyntheticprocess,0.011874,0.007279,0.007764,0.007982,0.000682,0.001152,0.00178,0.000944,0.00254,0.000592,0.000091,0.000201,
xanthinebiosyntheticprocess,0.011874,0.007279,0.007764,0.007982,0.000682,0.001152,0.00178,0.000944,0.00254,0.000592,0.000091,0.000201,
lungalveolusdevelopment,0.011874,0.007279,0.007764,0.007982,0.000682,0.001152,0.00178,0.000944,0.00254,0.000592,0.000091,0.000201,
cellmaturation,0,0.003428,0,0.004271,0.069925,0,0.005937,0,0.007398,0.02438,0.000091,0.000201,
Peyer'spatchdevelopment,0.011874,0.007279,0.007764,0.007982,0.000682,0.001152,0.00178,0.000944,0.00254,0.000592,0.000091,0.000201,
embryonicdigestivetractdevelopment,0.011874,0.007279,0.007764,0.007982,0.000682,0.001152,0.00178,0.000944,0.00254,0.000592,0.000091,0.000201,
positiveregulationofcalcium-mediatedsignaling,0.011874,0.007279,0.007764,0.007982,0.000682,0.001152,0.00178,0.000944,0.00254,0.000592,0.000091,0.000201,
positiveregulationofTcellreceptorsignalingpathway,0.011874,0.007279,0.007764,0.007982,0.000682,0.001152,0.00178,0.000944,0.00254,0.000592,0.000091,0.000201,
regulationofactinnucleation,0.004172,0.001733,0.000116,0.00629,0.00057,0.001126,0.00146,0.0002,0.000939,0.000705,0.000091,0.000201,
negativeregulationofadenosinereceptorsignalingpathway,0.011874,0.007279,0.007764,0.007982,0.000682,0.001152,0.00178,0.000944,0.00254,0.000592,0.000091,0.000201,
cytoplasmicactin-basedcontractioninvolvedincellmotility,0.004172,0.001733,0.000116,0.00629,0.00057,0.001126,0.00146,0.0002,0.000939,0.000705,0.000091,0.000201,
negativeregulationofpenileerection,0.011874,0.007279,0.007764,0.007982,0.000682,0.001152,0.00178,0.000944,0.00254,0.000592,0.000091,0.000201,
regulationofwoundhealing,0.004172,0.001733,0.000116,0.00629,0.00057,0.001126,0.00146,0.0002,0.000939,0.000705,0.000091,0.000201,
negativeregulationofthymocyteapoptoticprocess,0.011874,0.007279,0.007764,0.007982,0.000682,0.001152,0.00178,0.000944,0.00254,0.000592,0.000091,0.000201,
negativeregulationofmucussecretion,0.011874,0.007279,0.007764,0.007982,0.000682,0.001152,0.00178,0.000944,0.00254,0.000592,0.000091,0.000201,
positiveregulationofchemokinesecretion,0.152187,0.100207,0.079071,0.140821,0.033341,0.022617,0.016757,0.010726,0.021635,0.006149,0.000091,0.000201,
regulationoflamellipodiummorphogenesis,0.004172,0.001733,0.000116,0.00629,0.00057,0.001126,0.00146,0.0002,0.000939,0.000705,0.000092,0.000201,
positiveregulationofalpha-betaTcelldifferentiation,0.011874,0.007745,0.007764,0.007982,0.000682,0.001152,0.001861,0.000944,0.00254,0.000592,0.000099,0.000212,
cysteine-typeendopeptidaseinhibitoractivity,0.000074,0.003464,0,0.004897,0.072437,0.000128,0.005905,0,0.00692,0.026352,0.000111,0.000235,
carbohydratemetabolicprocess,0.014082,0.008015,0.005827,0.013999,0.002885,0.00153,0.001425,0.000948,0.001477,0.003467,0.000112,0.000235,
positiveregulationofTcelldifferentiationinthymus,0.012115,0.007799,0.008264,0.00844,0.000804,0.001144,0.001874,0.001126,0.002621,0.000711,0.000119,0.000245,
regulationofcell-celladhesionmediatedbyintegrin,0.012441,0.007916,0.007764,0.008608,0.00071,0.001077,0.00238,0.000944,0.002499,0.000614,0.00012,0.000245,
negativeregulationoftranscriptionfromRNApolymeraseIIpromoter,0.097568,0.173719,0.369547,0.06489,0.08276,0.058736,0.020938,0.063558,0.03257,0.062715,0.000136,0.000274,
virusreceptoractivity,0.065564,0.040512,0.039048,0.055774,0.015628,0.006404,0.003141,0.003139,0.010574,0.01116,0.000138,0.000275,
hypoxanthinesalvage,0.011874,0.008166,0.008245,0.008068,0.000682,0.001152,0.00223,0.000928,0.002528,0.000592,0.000144,0.000282,
regulationofcellproliferation,0.094604,0.166978,0.368144,0.051629,0.081416,0.061893,0.016937,0.065367,0.036799,0.062537,0.000148,0.000286,
extracellularvesicularexosome,0.043306,0.057701,0.027717,0.047907,0.075019,0.005054,0.006512,0.011226,0.006205,0.005174,0.000153,0.000292,
inflammatoryresponse,0.100581,0.172571,0.372058,0.057808,0.082063,0.061279,0.019632,0.065354,0.037395,0.063076,0.000156,0.000294,
post-embryonicdevelopment,0.096402,0.16848,0.368068,0.053754,0.079943,0.061836,0.017022,0.065498,0.036327,0.065563,0.00016,0.000296,
actinfilamentpolymerization,0.004172,0.001733,0.000116,0.00629,0.000831,0.001126,0.00146,0.0002,0.000939,0.001148,0.000168,0.000296,
exocrinepancreasdevelopment,0.094474,0.166935,0.367852,0.051613,0.079359,0.061718,0.016939,0.065873,0.036775,0.065757,0.000168,0.000296,
regulationofcelldifferentiation,0.094474,0.166935,0.367852,0.051613,0.079359,0.061718,0.016939,0.065873,0.036775,0.065757,0.000168,0.000296,
positiveregulationoftranscriptionfromRNApolymeraseIIpromoter,0.096568,0.169367,0.369742,0.054064,0.080638,0.061482,0.01712,0.065297,0.038614,0.064136,0.000168,0.000296,
digestivesystemdevelopment,0.094474,0.166935,0.367852,0.051613,0.079359,0.061718,0.016939,0.065873,0.036775,0.065757,0.000169,0.000296,
pancreasmorphogenesis,0.094474,0.166935,0.367852,0.051613,0.079359,0.061718,0.016939,0.065873,0.036775,0.065757,0.00017,0.000296,
positiveregulationofsmoothmusclecontraction,0.014645,0.008629,0.00928,0.009965,0.001136,0.00262,0.001615,0.000995,0.003002,0.001016,0.000173,0.000298,
multicellularorganismgrowth,0.095447,0.167764,0.367896,0.052689,0.079359,0.062731,0.017181,0.065852,0.036487,0.065757,0.000177,0.000301,
blastocysthatching,0.000986,0.000101,0,0.000427,0,0.000028,0.000113,0,0.000379,0,0.000192,0.000323,
odorantbinding,0.00182,0.003743,0.003984,0.000713,0.039773,0.003153,0.003969,0.000425,0.000749,0.014915,0.000195,0.000325,
D-dopachromedecarboxylaseactivity,0,0.000839,0,0,0,0,0.000357,0,0,0,0.000206,0.000336,
melaninbiosyntheticprocess,0,0.000839,0,0,0,0,0.000357,0,0,0,0.000206,0.000336,
responsetohydrogenperoxide,0.014306,0.008454,0.00817,0.009985,0.002014,0.001556,0.002683,0.001413,0.000942,0.002282,0.000209,0.000337,
actinfilamentsevering,0.004256,0.001903,0.000116,0.007086,0.000831,0.001073,0.001737,0.0002,0.001401,0.001148,0.000227,0.000362,
celljunction,0.011934,0.007711,0.008375,0.008084,0.001273,0.001226,0.002007,0.001017,0.002471,0.001114,0.000236,0.000373,
actinfilamentcapping,0.004256,0.001949,0.000116,0.007086,0.000837,0.001073,0.001813,0.0002,0.001401,0.001142,0.000266,0.000415,
metallocarboxypeptidaseactivity,0.092289,0.099668,0.170439,0.07382,0.059847,0.021533,0.011264,0.026028,0.006825,0.021503,0.000279,0.000431,
Wntsignalingpathway,0.107323,0.168678,0.367852,0.077583,0.079775,0.06368,0.016841,0.065873,0.039293,0.065645,0.00029,0.000443,
alcoholdehydrogenase(NAD)activity,0.000372,0,0.000042,0.001799,0,0.000337,0,0.000074,0.000688,0,0.000299,0.000451,
brushborder,0.014648,0.00721,0.003098,0.01502,0.00249,0.002488,0.003195,0.001405,0.002956,0.003046,0.000301,0.000451,
secretorygranule,0.056779,0.063973,0.041043,0.092464,0.268536,0.008523,0.031439,0.004781,0.023564,0.084144,0.000309,0.000456,
establishmentofproteinlocalizationtoplasmamembrane,0.000486,0.000018,0,0.000329,0,0.00004,0.000031,0,0.000221,0,0.00031,0.000456,
chlorideionbinding,0.000066,0.000737,0.00108,0.000155,0.000081,0.000058,0.000243,0.000241,0.000268,0.00014,0.000315,0.000457,
metalionbinding,0.209065,0.249706,0.464155,0.156714,0.124722,0.078879,0.034138,0.071208,0.048501,0.055518,0.000316,0.000457,
angiotensin-mediateddrinkingbehavior,0.058858,0.038493,0.036045,0.050124,0.01637,0.006606,0.003267,0.004271,0.009902,0.009488,0.000325,0.000465,
carboxypeptidaseactivity,0.077489,0.048272,0.041335,0.070548,0.022616,0.007085,0.007287,0.0055,0.010387,0.016498,0.000363,0.000501,
peptidehormonebinding,0.058858,0.038493,0.036045,0.050124,0.015039,0.006606,0.003267,0.004271,0.009902,0.010667,0.000363,0.000501,
receptorbiosyntheticprocess,0.058858,0.038493,0.036045,0.050124,0.015039,0.006606,0.003267,0.004271,0.009902,0.010667,0.000363,0.000501,
receptor-mediatedvirionattachmenttohostcell,0.058858,0.038493,0.036045,0.050124,0.015039,0.006606,0.003267,0.004271,0.009902,0.010667,0.000363,0.000501,
proteinphosphatasetype2Acomplex,0,0.000448,0.000103,0,0,0,0.000093,0.000178,0,0,0.000393,0.000524,
chromosome,centromericregion,0,0.000448,0.000103,0,0,0,0.000093,0.000178,0,0,0.000418,0.000524
regulationofproteinphosphorylation,0,0.000448,0.000103,0,0,0,0.000093,0.000178,0,0,0.000421,0.000524,
endopeptidaseactivity,0.058858,0.03874,0.036045,0.050124,0.015922,0.006606,0.003253,0.004271,0.009902,0.01061,0.00043,0.000524,
meioticnucleardivision,0,0.000448,0.000103,0,0,0,0.000093,0.000178,0,0,0.00043,0.000524,
mesodermdevelopment,0,0.000448,0.000103,0,0,0,0.000093,0.000178,0,0,0.00043,0.000524,
metallopeptidaseactivity,0.106099,0.061712,0.053051,0.099846,0.037015,0.013496,0.010759,0.006947,0.014821,0.020133,0.00043,0.000524,
peptidyl-dipeptidaseactivity,0.069537,0.043207,0.039646,0.060897,0.019433,0.007251,0.005465,0.005377,0.010142,0.014079,0.00043,0.000524,
regulationofreceptoractivity,0,0.000448,0.000103,0,0,0,0.000093,0.000178,0,0,0.00043,0.000524,
negativeregulationofepithelialtomesenchymaltransition,0,0.000448,0.000103,0,0,0,0.000093,0.000178,0,0,0.00043,0.000524,
regulationofproteinautophosphorylation,0,0.000448,0.000103,0,0,0,0.000093,0.000178,0,0,0.00043,0.000524,
GABAreceptorbinding,0,0.000448,0.000103,0,0,0,0.000093,0.000178,0,0,0.00043,0.000524,
positiveregulationofTcellactivation,0.012376,0.00892,0.008008,0.008625,0.000923,0.001121,0.003246,0.00102,0.002314,0.000861,0.00043,0.000524,
ciliarymembrane,0.006836,0.00211,0.003077,0.00565,0.000798,0.000971,0.000379,0.002009,0.00085,0.000862,0.00043,0.000524,
proteinheterotrimerization,0,0.000448,0.000103,0,0,0,0.000093,0.000178,0,0,0.000431,0.000524,
mesodermformation,0.000086,0.001711,0.001313,0.000076,0.000358,0.000085,0.000439,0.000549,0.000131,0.000322,0.00045,0.00054,
negativeregulationofcysteine-typeendopeptidaseactivityinvolvedinapoptoticprocess,0.004708,0.001891,0.000665,0.006604,0.001127,0.001461,0.001386,0.000801,0.001296,0.000862,0.000452,0.00054,
manganeseionbinding,0.016623,0.009197,0.006327,0.017891,0.003458,0.002437,0.002288,0.002671,0.004335,0.002628,0.000459,0.000545,
regulationofsystemicarterialbloodpressurebyrenin-angiotensin,0.007153,0.00282,0.001331,0.004932,0.001259,0.001261,0.001211,0.000547,0.001106,0.001571,0.000469,0.000545,
glomerulusdevelopment,0.007153,0.00282,0.001331,0.004932,0.001259,0.001261,0.001211,0.000547,0.001106,0.001571,0.000469,0.000545,
brownfatcelldifferentiation,0.006185,0.001055,0.000553,0.007525,0.001417,0.001705,0.001637,0.000736,0.001523,0.001791,0.00047,0.000545,
proteinmetabolicprocess,0.000391,0.000018,0,0.000368,0,0.000127,0.000031,0,0.000172,0,0.000486,0.000559,
Tcellactivation,0.012766,0.009365,0.007982,0.008954,0.000791,0.000829,0.003567,0.001118,0.002561,0.000696,0.000504,0.000575,
Tcellmediatedcytotoxicity,0.000066,0.000775,0.00108,0.000155,0.000081,0.000058,0.000307,0.000241,0.000268,0.00014,0.000522,0.00058,
xenobiotic-transportingATPaseactivity,0.0001,0.000047,0,0.000286,0,0.000089,0.000052,0,0.000073,0,0.000522,0.00058,
peptidaseactivatoractivityinvolvedinapoptoticprocess,0.000066,0.000775,0.00108,0.000155,0.000081,0.000058,0.000307,0.000241,0.000268,0.00014,0.000527,0.00058,
ATPaseactivity,coupledtotransmembranemovementofsubstances,0.0001,0.000047,0,0.000286,0,0.000089,0.000052,0,0.000073,0,0.000527,0.00058
positiveregulationofapoptoticsignalingpathway,0.000066,0.000775,0.00108,0.000155,0.000081,0.000058,0.000307,0.000241,0.000268,0.00014,0.000527,0.00058,
tightjunctionassembly,0.0005,0.000038,0,0.000329,0,0.000084,0.000065,0,0.000221,0,0.000555,0.000607,
ATPbinding,0.040996,0.069408,0.031601,0.050362,0.068597,0.010816,0.003668,0.011081,0.006429,0.005433,0.000578,0.000627,
seleniumbinding,0.006185,0.000797,0.000553,0.006859,0.001844,0.001705,0.000778,0.000736,0.000731,0.002516,0.000627,0.000676,
membrane,0.048542,0.029033,0.016499,0.065496,0.010761,0.002698,0.010473,0.007796,0.01915,0.008521,0.000642,0.000687,
aminopeptidaseactivity,0.037774,0.018421,0.015207,0.04145,0.015819,0.008193,0.006614,0.00383,0.006085,0.005728,0.000651,0.000692,
glycoproteinbinding,0.059172,0.040076,0.037805,0.051389,0.015273,0.006393,0.004146,0.005935,0.010887,0.010997,0.000661,0.000696,
integralcomponentofmembrane,0.181807,0.116258,0.095455,0.175941,0.060228,0.012133,0.03077,0.012863,0.019566,0.040575,0.000664,0.000696,
flavinadeninedinucleotidebinding,0.000511,0.004094,0.001673,0.000583,0.002141,0.000455,0.000347,0.000747,0.000089,0.001301,0.00069,0.000719,
heterotrimericG-proteincomplex,0.001259,0.000177,0.000134,0.001142,0.000061,0.000347,0.000306,0.000233,0.000386,0.000106,0.000716,0.00074,
filopodium,0.020608,0.005851,0.000568,0.035546,0.001102,0.003278,0.004266,0.000293,0.015815,0.00134,0.000736,0.000755,
metalloaminopeptidaseactivity,0.007153,0.003054,0.001378,0.004932,0.001259,0.001261,0.001455,0.000582,0.001106,0.001571,0.00074,0.000755,
malatemetabolicprocess,0.000966,0.00412,0.002138,0.002977,0.010814,0.000616,0.00183,0.001599,0.001977,0.002905,0.000765,0.000772,
serinehydrolaseactivity,0.234031,0.256517,0.416477,0.18712,0.158915,0.054585,0.015925,0.065352,0.04606,0.053759,0.000767,0.000772,
establishmentofskinbarrier,0.234031,0.257385,0.416477,0.18712,0.159849,0.054585,0.016656,0.065352,0.04606,0.053935,0.00079,0.00079,
thioredoxin-disulfidereductaseactivity,0.000056,0.001621,0.001313,0.000076,0.00015,0.000098,0.000578,0.000549,0.000131,0.000259,0.000812,0.000806,
intracellularmembrane-boundedorganelle,0.017319,0.00709,0.001605,0.029746,0.000686,0.000794,0.002902,0.000769,0.013428,0.001074,0.00084,0.000829,
cytosol,0.079876,0.111457,0.071149,0.103686,0.152696,0.006924,0.015896,0.026053,0.009486,0.016024,0.000909,0.000891,
proteolysis,0.823679,0.770809,0.842308,0.69093,0.448011,0.062411,0.018486,0.061616,0.017832,0.158957,0.000931,0.000907,
extrinsiccomponentofplasmamembrane,0.004287,0.00335,0.001771,0.006399,0.001578,0.000874,0.001039,0.001423,0.000698,0.000894,0.000946,0.000916,
regulationofcellshape,0.007211,0.004382,0.001206,0.008642,0.001767,0.001935,0.002349,0.000773,0.001174,0.00171,0.000989,0.000952,
meprinAcomplex,0.00451,0.002692,0.001085,0.003813,0.000826,0.001151,0.000849,0.000869,0.000456,0.000727,0.001028,0.000983,
lysosomalmembrane,0.031809,0.017373,0.012422,0.031773,0.018438,0.00465,0.004986,0.003277,0.002306,0.006812,0.00114,0.001072,
hippocampusdevelopment,0,0.003258,0.000163,0,0.000347,0,0.001544,0.00019,0,0.000549,0.001141,0.001072,
membraneraft,0.019257,0.004462,0.000676,0.031409,0.002249,0.002147,0.001772,0.000344,0.015326,0.000889,0.001142,0.001072,
ruffle,0.021065,0.009101,0.003215,0.03755,0.003858,0.00381,0.004758,0.001936,0.01592,0.001618,0.001256,0.001167,
dendritecytoplasm,0.012423,0.007876,0.00808,0.008188,0.00187,0.001688,0.00248,0.001291,0.002261,0.002051,0.001258,0.001167,
microvillusmembrane,0.016277,0.003552,0.000617,0.028379,0.000776,0.002094,0.001744,0.000341,0.01418,0.001065,0.001286,0.001185,
striatedmusclethinfilament,0.025352,0.037723,0.017463,0.02598,0.041793,0.006021,0.00797,0.00455,0.004069,0.001891,0.001327,0.001214,
cellgrowth,0.025352,0.037213,0.017587,0.025833,0.04174,0.006021,0.007632,0.004787,0.003962,0.001823,0.001333,0.001214,
hedgehogreceptoractivity,0.00035,0.000221,0.000109,0.000141,0.00004,0.000042,0.000062,0.000058,0.000082,0.000068,0.001369,0.001239,
responsetoextracellularstimulus,0.025352,0.037213,0.017448,0.025833,0.040662,0.006021,0.007632,0.004556,0.003962,0.000706,0.001408,0.001265,
responsetolithiumion,0.025352,0.037213,0.017448,0.025833,0.040662,0.006021,0.007632,0.004556,0.003962,0.000706,0.001447,0.001265,
skeletalmusclethinfilamentassembly,0.025352,0.037213,0.017448,0.025833,0.040662,0.006021,0.007632,0.004556,0.003962,0.000706,0.001447,0.001265,
skeletalmusclefiberadaptation,0.025352,0.037213,0.017448,0.025833,0.040662,0.006021,0.007632,0.004556,0.003962,0.000706,0.001447,0.001265,
skeletalmusclefiberdevelopment,0.025352,0.037213,0.017448,0.025833,0.040662,0.006021,0.007632,0.004556,0.003962,0.000706,0.001447,0.001265,
cellularresponsetocalciumion,0.000535,0.000285,0.000131,0.000765,0.003831,0.000509,0.000027,0.000018,0.000689,0.001646,0.001447,0.001265,
negativeregulationofproteinkinaseBsignaling,0.013823,0.003292,0,0.027152,0.000066,0.002255,0.002202,0,0.01379,0.000114,0.001464,0.001273,
actinfilament,0.028371,0.03906,0.017939,0.028275,0.041321,0.006376,0.007321,0.004582,0.003936,0.000977,0.001512,0.001307,
responsetosteroidhormone,0.025396,0.037474,0.017491,0.027138,0.040662,0.006096,0.007278,0.004627,0.004569,0.000706,0.001593,0.001356,
positiveregulationofbinding,0.003973,0.003065,0.001771,0.006246,0.001513,0.001129,0.000991,0.001423,0.00069,0.000869,0.001593,0.001356,
cellularresponsetoacid,0.003973,0.003065,0.001771,0.006246,0.001513,0.001129,0.000991,0.001423,0.00069,0.000869,0.001595,0.001356,
proteasomecomplex,0,0.000857,0.000057,0.000079,0.000026,0,0.000421,0.0001,0.000137,0.000045,0.001688,0.001363,
renalsodiumiontransport,0.012849,0.001742,0,0.025969,0,0.002496,0.001024,0,0.013844,0,0.001743,0.001363,
adenylatecyclase-activatingdopaminereceptorsignalingpathway,0.012849,0.001742,0,0.025969,0,0.002496,0.001024,0,0.013844,0,0.001803,0.001363,
beta-cateninbinding,0.01324,0.001865,0,0.026622,0,0.002613,0.001236,0,0.014152,0,0.001812,0.001363,
metalloexopeptidaseactivity,0.008835,0.004089,0.003606,0.01115,0.001881,0.002299,0.001885,0.001943,0.003081,0.001234,0.001812,0.001363,
lipidbinding,0.01107,0.048814,0.004914,0.046851,0.247936,0.003201,0.042622,0.000357,0.044421,0.107419,0.001812,0.001363,
negativeregulationofplatelet-derivedgrowthfactorreceptorsignalingpathway,0.012849,0.001742,0,0.025969,0,0.002496,0.001024,0,0.013844,0,0.001812,0.001363,
negativeregulationofsodiumiontransport,0.012849,0.001742,0,0.025969,0,0.002496,0.001024,0,0.013844,0,0.001812,0.001363,
negativeregulationofphosphatidylinositol3-kinasesignaling,0.012849,0.001742,0,0.025969,0,0.002496,0.001024,0,0.013844,0,0.001812,0.001363,
chloridechannelregulatoractivity,0.012849,0.001742,0,0.025969,0,0.002496,0.001024,0,0.013844,0,0.001812,0.001363,
phosphatasebinding,0.012849,0.001742,0,0.025969,0,0.002496,0.001024,0,0.013844,0,0.001812,0.001363,
cAMP-mediatedsignaling,0.012849,0.001742,0,0.025969,0,0.002496,0.001024,0,0.013844,0,0.001812,0.001363,
cellularphosphateionhomeostasis,0.012849,0.001742,0,0.025969,0,0.002496,0.001024,0,0.013844,0,0.001812,0.001363,
beta-2adrenergicreceptorbinding,0.012849,0.001742,0,0.025969,0,0.002496,0.001024,0,0.013844,0,0.001812,0.001363,
negativeregulationofsodium:protonantiporteractivity,0.012849,0.001742,0,0.025969,0,0.002496,0.001024,0,0.013844,0,0.001812,0.001363,
bileacidsecretion,0.012849,0.001742,0,0.025969,0,0.002496,0.001024,0,0.013844,0,0.001812,0.001363,
proteincomplexscaffold,0.012849,0.001742,0,0.025969,0,0.002496,0.001024,0,0.013844,0,0.001812,0.001363,
glutathionetransport,0.012849,0.001742,0,0.025969,0,0.002496,0.001024,0,0.013844,0,0.001812,0.001363,
regulationofexcretion,0.012849,0.001742,0,0.025969,0,0.002496,0.001024,0,0.013844,0,0.001812,0.001363,
dopaminereceptorbinding,0.012849,0.001742,0,0.025969,0,0.002496,0.001024,0,0.013844,0,0.001812,0.001363,
renalabsorption,0.012849,0.001742,0,0.025969,0,0.002496,0.001024,0,0.013844,0,0.001812,0.001363,
growthfactorreceptorbinding,0.013667,0.002224,0.000166,0.026515,0.000148,0.001915,0.001038,0.000127,0.014085,0.000175,0.001812,0.001363,
spermmidpiece,0.012849,0.001742,0,0.025969,0,0.002496,0.001024,0,0.013844,0,0.001817,0.001363,
renalphosphateionabsorption,0.012849,0.001742,0,0.025969,0,0.002496,0.001024,0,0.013844,0,0.00182,0.001363,
negativeregulationofcellmotility,0.012849,0.00177,0,0.025969,0,0.002496,0.001072,0,0.013844,0,0.001826,0.001363,
microvillusassembly,0.013088,0.001809,0.000015,0.026427,0,0.002347,0.001139,0.000026,0.01413,0,0.001835,0.001363,
negativeregulationofmatureBcellapoptoticprocess,0.011874,0.007279,0.007764,0.007982,0.002065,0.001152,0.00178,0.000944,0.00254,0.002708,0.001877,0.00138,
gastrulation,0.000922,0.003305,0.0016,0.001173,0.000298,0.000626,0.001046,0.000665,0.00017,0.000258,0.001887,0.00138,
PDZdomainbinding,0.012944,0.001857,0,0.026293,0,0.00234,0.001222,0,0.01412,0,0.001887,0.00138,
positiveregulationofBcellproliferation,0.011874,0.007279,0.007764,0.007982,0.002065,0.001152,0.00178,0.000944,0.00254,0.002708,0.001903,0.00138,
vesicle,0.001668,0.001166,0.000783,0.001778,0,0.000167,0.000699,0.00035,0.000429,0,0.001915,0.00138,
responsetoinsulin,0.002496,0.002185,0.00154,0.004326,0.006821,0.000581,0.001029,0.001711,0.00081,0.001482,0.00192,0.00138,
phospholipaseC-activatingdopaminereceptorsignalingpathway,0.013478,0.001742,0,0.026298,0,0.002635,0.001024,0,0.014136,0,0.001921,0.00138,
negativeregulationofcellmigration,0.016549,0.005277,0.002571,0.030608,0.002057,0.002214,0.001897,0.00129,0.014941,0.001911,0.001974,0.001412,
endomembranesystem,0.012849,0.002247,0,0.026211,0.000935,0.002496,0.001369,0,0.013813,0.000908,0.002017,0.001436,
sedoheptulose-7-phosphate:D-glyceraldehyde-3-phosphateglyceronetransferaseactivity,0.000152,0.000472,0.000139,0.000461,0,0.000147,0.000034,0.000142,0.000171,0,0.002082,0.001473,
homophiliccelladhesion,0.024451,0.013025,0.010126,0.022928,0.00798,0.005263,0.005224,0.003292,0.003274,0.003814,0.002108,0.001473,
pentose-phosphateshunt,non-oxidativebranch,0.000152,0.000472,0.000139,0.000461,0,0.000147,0.000034,0.000142,0.000171,0,0.002108,0.001473
monosaccharidebinding,0.000152,0.000472,0.000139,0.000461,0,0.000147,0.000034,0.000142,0.000171,0,0.002108,0.001473,
cellproliferation,0.01388,0.009664,0.004348,0.015018,0.00361,0.00137,0.003684,0.002092,0.001379,0.004803,0.002127,0.00148,
brushbordermembrane,0.016681,0.003081,0.000617,0.029211,0.002082,0.002978,0.001238,0.000872,0.015355,0.000562,0.002137,0.00148,
gamma-glutamyl-peptidaseactivity,0.002432,0.001498,0.001338,0.003938,0.006661,0.00068,0.000372,0.001596,0.001406,0.00167,0.002176,0.0015,
dendritemorphogenesis,0.000171,0.001157,0.000482,0.000087,0.000065,0.000296,0.0004,0.000261,0.00015,0.000112,0.002388,0.001639,
responsetomechanicalstimulus,0.028123,0.038563,0.018965,0.027816,0.041116,0.005835,0.008131,0.004949,0.003186,0.000561,0.002427,0.001658,
bileacidmetabolicprocess,0.006861,0.014269,0.000945,0.009382,0,0.001614,0.005581,0.001582,0.004861,0,0.002512,0.001704,
cellularproteinlocalization,0.013545,0.002686,0.000094,0.026851,0.000294,0.002989,0.001772,0.000162,0.0146,0.00051,0.002517,0.001704,
trans-Golginetwork,0.009378,0.004585,0.004384,0.011047,0.002073,0.001907,0.002016,0.002586,0.002856,0.001397,0.002602,0.001731,
tightjunction,0.00214,0.001929,0.000602,0.003777,0.00005,0.000482,0.001223,0.000491,0.001282,0.000086,0.002732,0.001731,
chromosomesegregation,0.000237,0.000616,0.000256,0.000057,0.001556,0.000081,0.000542,0.00008,0.000098,0.000558,0.002732,0.001731,
synapseassembly,0.000391,0.000018,0,0.000329,0,0.000127,0.000031,0,0.000221,0,0.002732,0.001731,
aggresome,0.000391,0.000018,0,0.000329,0,0.000127,0.000031,0,0.000221,0,0.002732,0.001731,
pituitaryglanddevelopment,0.000391,0.000018,0,0.000329,0,0.000127,0.000031,0,0.000221,0,0.002732,0.001731,
negativeregulationofcell-celladhesion,0.000391,0.000018,0,0.000329,0,0.000127,0.000031,0,0.000221,0,0.002732,0.001731,
nodeofRanvier,0.000391,0.000018,0,0.000329,0,0.000127,0.000031,0,0.000221,0,0.002732,0.001731,
regulationofwaterlossviaskin,0.000391,0.000018,0,0.000329,0,0.000127,0.000031,0,0.000221,0,0.002732,0.001731,
lateralloop,0.000391,0.000018,0,0.000329,0,0.000127,0.000031,0,0.000221,0,0.002732,0.001731,
regulationofcysteine-typeendopeptidaseactivityinvolvedinapoptoticprocess,0.000391,0.000018,0,0.000329,0,0.000127,0.000031,0,0.000221,0,0.002732,0.001731,
proteinself-association,0.017155,0.00902,0.007275,0.031266,0.001648,0.00236,0.004189,0.002279,0.014137,0.000648,0.002732,0.001731,
negativeregulationofmegakaryocytedifferentiation,0.006823,0.007593,0.004481,0.005479,0.013199,0.001428,0.001055,0.002251,0.000882,0.003318,0.002732,0.001731,
intestinalepithelialcelldevelopment,0.000391,0.000018,0,0.000329,0,0.000127,0.000031,0,0.000221,0,0.002732,0.001731,
regulationofbranchinginvolvedinsalivaryglandmorphogenesis,0.000391,0.000018,0,0.000329,0,0.000127,0.000031,0,0.000221,0,0.002732,0.001731,
cellularresponsetoaminoacidstimulus,0.000391,0.000018,0,0.000329,0,0.000127,0.000031,0,0.000221,0,0.00275,0.001731,
MMXDcomplex,0.000237,0.000616,0.000256,0.000057,0.001556,0.000081,0.000542,0.00008,0.000098,0.000558,0.002766,0.001731,
negativeregulationofcanonicalWntsignalingpathway,0.000391,0.000018,0,0.000329,0,0.000127,0.000031,0,0.000221,0,0.002767,0.001731,
cochleadevelopment,0.000391,0.000018,0,0.000329,0,0.000127,0.000031,0,0.000221,0,0.002795,0.001731,
negativeregulationofmitochondrialoutermembranepermeabilizationinvolvedinapoptoticsignalingpathway,0.000237,0.000616,0.000256,0.000057,0.001556,0.000081,0.000542,0.00008,0.000098,0.000558,0.002795,0.001731,
regulationofneuronmigration,0.000391,0.000018,0,0.000329,0,0.000127,0.000031,0,0.000221,0,0.002795,0.001731,
angiogenesis,0.032036,0.016881,0.012321,0.034134,0.019319,0.007461,0.005023,0.003404,0.00235,0.007989,0.002838,0.001751,
leukocytecell-celladhesion,0.00289,0.001517,0.000404,0.002136,0.00071,0.001047,0.000599,0.000112,0.000232,0.000547,0.002858,0.001756,
glutaminemetabolicprocess,0.002432,0.001536,0.001414,0.003938,0.006661,0.00068,0.000436,0.001723,0.001406,0.00167,0.002916,0.001785,
transporteractivity,0.014423,0.025978,0.007904,0.014005,0.04877,0.005977,0.009228,0.003027,0.006507,0.017098,0.002961,0.001805,
apicaljunctioncomplex,0.000391,0.000025,0,0.000329,0,0.000127,0.000044,0,0.000221,0,0.003009,0.001827,
positiveregulationofcellmigration,0.008826,0.006437,0.002981,0.011052,0.001638,0.001508,0.004042,0.001437,0.001505,0.002197,0.003168,0.001914,
innateimmuneresponse,0.000802,0.005914,0.007934,0.007922,0.024983,0.000627,0.000783,0.00408,0.009686,0.006198,0.003177,0.001914,
metalloendopeptidaseactivity,0.012158,0.009502,0.005951,0.011861,0.002395,0.001527,0.00391,0.001747,0.001966,0.002638,0.003276,0.001966,
regulationofproteinkinaseactivity,0.014094,0.002871,0.000263,0.027057,0.001188,0.003452,0.002732,0.000455,0.01478,0.001656,0.003356,0.002006,
cellular_component,0.384552,0.280889,0.208908,0.41307,0.406102,0.019003,0.050767,0.018929,0.054534,0.092608,0.003403,0.002026,
oxoglutaratedehydrogenase(succinyl-transferring)activity,0,0.000353,0.000062,0,0.00002,0,0.000172,0.000107,0,0.000035,0.003492,0.002037,
enzymeactivatoractivity,0.024858,0.045864,0.100885,0.031984,0.038141,0.009466,0.016944,0.027847,0.012323,0.020023,0.003541,0.002037,
cerebellarcortexdevelopment,0,0.000353,0.000062,0,0.00002,0,0.000172,0.000107,0,0.000035,0.003541,0.002037,
thalamusdevelopment,0,0.000353,0.000062,0,0.00002,0,0.000172,0.000107,0,0.000035,0.003541,0.002037,
pyramidalneurondevelopment,0,0.000353,0.000062,0,0.00002,0,0.000172,0.000107,0,0.000035,0.003541,0.002037,
tangentialmigrationfromthesubventricularzonetotheolfactorybulb,0,0.000353,0.000062,0,0.00002,0,0.000172,0.000107,0,0.000035,0.003541,0.002037,
thiaminepyrophosphatebinding,0,0.000353,0.000062,0,0.00002,0,0.000172,0.000107,0,0.000035,0.003541,0.002037,
oxoglutaratedehydrogenase(NAD+)activity,0,0.000353,0.000062,0,0.00002,0,0.000172,0.000107,0,0.000035,0.003541,0.002037,
olfactorybulbmitralcelllayerdevelopment,0,0.000353,0.000062,0,0.00002,0,0.000172,0.000107,0,0.000035,0.003541,0.002037,
negativeregulationofcellproliferation,0.016659,0.005494,0.003277,0.03109,0.005223,0.001855,0.002285,0.001604,0.015488,0.002102,0.003566,0.002044,
Prp19complex,0.000523,0.001947,0.000438,0.001408,0.002921,0.000174,0.000542,0.00047,0.001134,0.000428,0.00364,0.002056,
neutrophilmediatedimmunity,0.010679,0.004714,0.0036,0.010773,0.004394,0.00198,0.002215,0.001141,0.001393,0.003464,0.00364,0.002056,
positiveregulationofsystemicarterialbloodpressure,0.010679,0.004714,0.0036,0.010773,0.004394,0.00198,0.002215,0.001141,0.001393,0.003464,0.003689,0.002056,
microvillus,0.028503,0.015713,0.009985,0.04666,0.013509,0.003427,0.002398,0.000186,0.017895,0.009305,0.003689,0.002056,
responsetonematode,0.002396,0.000386,0.000177,0.002221,0.001723,0.000749,0.000326,0.000306,0.001065,0.00033,0.003689,0.002056,
hormonecatabolicprocess,0.010679,0.004714,0.0036,0.010773,0.004394,0.00198,0.002215,0.001141,0.001393,0.003464,0.003689,0.002056,
ATPaseactivity,coupled,0.000523,0.001947,0.000438,0.001408,0.002921,0.000174,0.000542,0.00047,0.001134,0.000428,0.00372,0.002056
positiveregulationofglucoseimport,0.002396,0.000386,0.000177,0.002221,0.001723,0.000749,0.000326,0.000306,0.001065,0.00033,0.003721,0.002056,
chaperonemediatedproteinfoldingrequiringcofactor,0.000523,0.001947,0.000438,0.001408,0.002921,0.000174,0.000542,0.00047,0.001134,0.000428,0.003721,0.002056,
clathrincoatdisassembly,0.000523,0.001947,0.000438,0.001408,0.002921,0.000174,0.000542,0.00047,0.001134,0.000428,0.003721,0.002056,
membranetomembranedocking,0.002782,0.001497,0.000404,0.002076,0.000499,0.001061,0.000565,0.000112,0.000161,0.000694,0.003765,0.002073,
mitochondrialnucleoid,0.004325,0.005015,0.000796,0.00562,0.007182,0.001195,0.001688,0.000636,0.001602,0.00185,0.003883,0.00213,
zincionbinding,0.177611,0.158098,0.215704,0.154413,0.10828,0.029367,0.029714,0.015927,0.021593,0.020982,0.003938,0.002152,
positiveregulationofcholesterolesterification,0,0,0,0.000061,0.004251,0,0,0,0.000105,0.002618,0.003953,0.002152,
alcoholsulfotransferaseactivity,0,0.001099,0.000268,0,0,0,0.000618,0.000235,0,0,0.004008,0.002171,
ciliarybasalbody,0.002786,0.001509,0.000404,0.001998,0.000499,0.001066,0.000557,0.000112,0.000148,0.000694,0.004067,0.002171,
microspike,0.002782,0.001497,0.000404,0.001993,0.000499,0.001061,0.000565,0.000112,0.000154,0.000694,0.004067,0.002171,
steroidsulfotransferaseactivity,0,0.001099,0.000268,0,0,0,0.000618,0.000235,0,0,0.004087,0.002171,
celltip,0.002782,0.001497,0.000404,0.001993,0.000499,0.001061,0.000565,0.000112,0.000154,0.000694,0.004087,0.002171,
astrocyteprojection,0.002782,0.001497,0.000404,0.001993,0.000499,0.001061,0.000565,0.000112,0.000154,0.000694,0.004087,0.002171,
Schwanncellmicrovillus,0.002782,0.001497,0.000404,0.001993,0.000499,0.001061,0.000565,0.000112,0.000154,0.000694,0.004087,0.002171,
cytoplasmicsideofplasmamembrane,0.000391,0.000045,0,0.000329,0,0.000127,0.000079,0,0.000221,0,0.004205,0.00221,
catenincomplex,0.000391,0.000046,0,0.000329,0,0.000127,0.000079,0,0.000221,0,0.004205,0.00221,
lamellipodium,0.008964,0.005923,0.002897,0.009766,0.001883,0.001705,0.003252,0.000866,0.002191,0.002244,0.004237,0.00221,
actinfilamentdepolymerization,0.005608,0.0028,0.000963,0.008715,0.001339,0.000763,0.002482,0.001669,0.002658,0.002021,0.00425,0.00221,
gamma-cateninbinding,0.000391,0.000046,0,0.000329,0,0.000127,0.000079,0,0.000221,0,0.004261,0.00221,
cellularresponsetoindole-3-methanol,0.000391,0.000046,0,0.000329,0,0.000127,0.000079,0,0.000221,0,0.004261,0.00221,
regulationofbloodcoagulation,intrinsicpathway,0.003851,0.002347,0.001421,0.002112,0.000779,0.000389,0.000831,0.000778,0.000578,0.000907,0.004261,0.00221
lateendosome,0.001248,0.000856,0.001095,0.000967,0.00003,0.000218,0.00023,0.000462,0.000361,0.000052,0.004458,0.002301,
proteincomplexbinding,0.020997,0.021257,0.004875,0.038953,0.008304,0.003835,0.006262,0.002934,0.016123,0.005851,0.004467,0.002301,
positiveregulationofproteinserine/threoninekinaseactivity,0.000106,0.001076,0.000268,0.000394,0.000253,0.000095,0.000271,0.000372,0.000184,0.000181,0.00449,0.002306,
spermfibroussheath,0.002716,0.001813,0.000378,0.003296,0.001306,0.000816,0.000387,0.000353,0.000892,0.00095,0.004591,0.002349,
apicalpartofcell,0.026108,0.008822,0.002722,0.036275,0.0073,0.003005,0.003978,0.00112,0.016351,0.010737,0.00466,0.002377,
celladhesionmoleculebinding,0.002782,0.001574,0.000404,0.002399,0.000499,0.001061,0.000698,0.000112,0.000476,0.000694,0.004679,0.002379,
phosphatidylinositol-4,5-bisphosphatebinding,0.007503,0.004576,0.001723,0.011909,0.002991,0.00272,0.002276,0.001342,0.003211,0.00295,0.004781,0.002422
adherensjunction,0.000391,0.00013,0,0.000653,0,0.000127,0.000225,0,0.000309,0,0.004912,0.002481,
responsetostress,0.000523,0.002079,0.000621,0.001495,0.003408,0.000174,0.000523,0.000783,0.001202,0.000718,0.005037,0.002535,
carbohydratebinding,0.035722,0.026262,0.013947,0.036432,0.012802,0.007003,0.010496,0.008202,0.003449,0.005215,0.005062,0.00254,
protein-disulfidereductase(glutathione)activity,0.003193,0.004332,0.000417,0.004148,0.00135,0.000374,0.000711,0.000449,0.000079,0.002338,0.005507,0.002754,
regulationofcellcycle,0.001263,0.003731,0.000679,0.002396,0.002987,0.000488,0.000836,0.000884,0.001181,0.000381,0.005563,0.002773,
alveolarlamellarbody,0.001008,0.000664,0.000723,0.000916,0,0.000187,0.000286,0.000348,0.000304,0,0.005588,0.002776,
molecular_function,0.13283,0.164624,0.089504,0.144409,0.337346,0.002212,0.095929,0.014414,0.01554,0.098173,0.005645,0.002782,
actincytoskeletonorganization,0.016157,0.005494,0.00296,0.029585,0.002824,0.004275,0.002995,0.001456,0.015306,0.004266,0.00565,0.002782,
collagencatabolicprocess,0.432094,0.273783,0.27483,0.345781,0.168131,0.048447,0.07402,0.021839,0.039352,0.10183,0.005654,0.002782,
celldifferentiation,0.031319,0.014826,0.014739,0.032942,0.018572,0.005283,0.003974,0.002144,0.000353,0.011103,0.005843,0.002864,
proteincomplex,0.047431,0.069299,0.038353,0.051041,0.066491,0.00577,0.008788,0.010186,0.008904,0.00851,0.005858,0.002864,
negativeregulationofinflammatoryresponse,0.035903,0.023792,0.033839,0.034364,0.012716,0.003664,0.007117,0.011392,0.002348,0.003075,0.00599,0.002919,
endoplasmicreticulum-Golgiintermediatecompartment,0.020311,0.009309,0.010056,0.023436,0.011531,0.004943,0.005054,0.003228,0.002787,0.004796,0.006152,0.002988,
